player_pkey,Player,Team,Year,isOverseas,isBatsman,isBowler,isWicketKeeper,isCapped,UncappedAndPerformed,base,Amount,runs_per_match,matches_bat,strike_rate_bat,average_bat,wickets_per_match,matches_bowl,economy_rate,strike_rate_bowl,average_bowl,bat_powerplay,bat_death,bowl_powerplay,bowl_death
219,Aaron Finch,Royal Challengers Bangalore,2020,1,1,0,0,1,0,2.0,4.4,32.56716417910448,67,161.98960653303638,41.16981132075472,0.0,1,5.0,0.0,0.0,675.712343933763,185.16644444444444,0.0,0.0
217,Abdul Samad,Sunrisers Hyderabad,2020,0,1,1,0,0,0,0.2,0.2,18.22222222222222,9,131.20000000000002,27.333333333333332,0.0,4,7.6,0.0,0.0,0.0,0.0,0.0,0.0
1944,Abhijeet Tomar,Kolkata Knight Riders,2022,0,1,0,0,0,0,0.2,0.4,13.0,5,73.03370786516854,13.0,0.0,0,0.0,0.0,0.0,0.0,0.0,0.0,0.0
0,Abhinav Sadarangani,Gujarat Titans,2022,0,1,0,0,0,0,0.2,2.6,0.0,0,0.0,0.0,0.0,0,0.0,0.0,0.0,0.0,0.0,0.0,0.0
76,Abhishek Sharma,Sunrisers Hyderabad,2022,0,1,1,0,0,1,0.2,6.5,19.413793103448278,29,138.66995073891627,25.59090909090909,0.6363636363636364,11,7.904761904761905,23.714285714285715,18.0,29.225000000000005,111.25165217391304,0.0,33.0
100,Adam Milne,Chennai Super Kings,2022,1,0,1,0,1,0,1.5,1.9,6.0,18,131.70731707317074,13.5,1.0,38,7.4206730769230775,27.07894736842105,21.894736842105264,0.0,104.11197530864197,14.56580671461433,11.911099224391547
100,Adam Milne,Mumbai Indians,2021,1,0,1,0,1,0,1.5,3.2,6.0,18,131.70731707317074,13.5,1.0,38,7.4206730769230775,27.07894736842105,21.894736842105264,0.0,104.11197530864197,14.56580671461433,11.911099224391547
654,Aiden Markram,Sunrisers Hyderabad,2022,1,1,0,0,1,0,1.0,2.6,24.11764705882353,17,122.75449101796407,29.285714285714285,0.8333333333333334,6,6.705882352941177,22.8,20.4,144.80965232358005,56.86266666666666,33.0,0.0
187,Ajinkya Rahane,Kolkata Knight Riders,2022,0,1,0,0,1,0,1.0,1.0,23.075,40,123.06666666666666,24.289473684210527,0.0,0,0.0,0.0,0.0,345.3421860129776,73.26,0.0,0.0
2536,Akash Deep,Royal Challengers Bangalore,2022,0,0,1,0,0,0,0.2,0.2,5.75,8,109.52380952380953,6.571428571428571,1.1538461538461537,26,6.785578747628083,19.866666666666667,17.566666666666666,0.0,25.736666666666668,12.891447830360903,10.443309499489276
2680,Akash Singh,Rajasthan Royals,2021,0,0,1,0,0,0,0.2,0.2,0.0,0,0.0,0.0,0.0,0,0.0,0.0,0.0,0.0,0.0,0.0,0.0
2680,Akash Singh,Rajasthan Royals,2020,0,0,1,0,0,0,0.2,0.2,0.0,0,0.0,0.0,0.0,0,0.0,0.0,0.0,0.0,0.0,0.0,0.0
210,Alex Carey,Delhi Capitals,2020,1,0,0,1,1,0,2.0,2.4,27.78048780487805,41,134.79289940828403,33.5,0.0,0,0.0,0.0,0.0,337.25325870646765,134.1360459770115,0.0,0.0
281,Alex Hales,Kolkata Knight Riders,2022,1,1,0,0,1,0,1.5,1.5,28.66949152542373,118,145.38031800601635,31.324074074074073,0.0,0,0.0,0.0,0.0,1174.7585877009083,195.3489105691057,0.0,0.0
108,Alzarri Joseph,Gujarat Titans,2022,1,0,1,0,1,0,0.75,2.4,7.285714285714286,14,121.42857142857142,17.0,1.0476190476190477,21,9.117782909930716,29.90909090909091,19.681818181818183,0.0,89.76784810126583,14.239787690109218,12.529572338489533
3787,Aman Khan,Kolkata Knight Riders,2022,0,1,1,0,0,0,0.2,0.2,0.0,0,0.0,0.0,0.0,0,0.0,0.0,0.0,0.0,0.0,0.0,0.0
27,Ambati Rayudu,Chennai Super Kings,2022,0,0,0,1,1,0,2.0,6.75,27.71875,64,126.89556509298998,34.78431372549019,0.0,0,0.0,0.0,0.0,227.51135985130114,192.10016279069768,0.0,0.0
179,Andrew Tye,Rajasthan Royals,2020,1,0,1,0,1,0,1.0,1.0,6.03030303030303,33,126.7515923566879,9.95,1.4487179487179487,78,8.232235701906411,21.01769911504425,15.31858407079646,0.0,155.9785324675325,13.938973834694588,10.278119378138173
0,Aneeshwar Gautam,Royal Challengers Bangalore,2022,0,1,1,0,0,0,0.2,0.2,0.0,0,0.0,0.0,0.0,0,0.0,0.0,0.0,0.0,0.0,0.0,0.0
232,Anirudha Ashok Joshi,Rajasthan Royals,2020,0,1,1,0,0,0,0.2,0.2,44.77777777777778,9,177.53303964757708,100.75,0.6666666666666666,6,7.928571428571429,27.75,21.0,133.094,115.45771428571429,10.082987551867218,46.8
176,Ankit Singh Rajpoot,Lucknow Super Giants,2022,0,0,1,0,0,0,0.2,0.5,3.6363636363636362,11,71.42857142857143,8.0,1.2444444444444445,45,8.111475409836066,22.089285714285715,16.339285714285715,0.0,38.8785,17.8205960065554,12.17110098485962
149,Anmolpreet Singh,Mumbai Indians,2022,0,1,0,0,0,0,0.2,0.2,20.31578947368421,19,119.5046439628483,22.705882352941178,0.0,0,0.0,0.0,0.0,17.868444444444446,0.0,0.0,0.0
2794,Ansh Patel,Punjab Kings,2022,0,1,1,0,0,0,0.2,0.2,0.0,0,0.0,0.0,0.0,0,0.0,0.0,0.0,0.0,0.0,0.0,0.0
231,Anuj Rawat,Royal Challengers Bangalore,2022,0,0,0,1,0,0,0.2,3.4,20.875,16,118.02120141342756,30.363636363636363,0.0,0,0.0,0.0,0.0,0.0,84.57666666666668,0.0,0.0
231,Anuj Rawat,Rajasthan Royals,2020,0,0,0,1,0,0,0.2,0.8,21.363636363636363,11,112.98076923076923,26.11111111111111,0.0,0,0.0,0.0,0.0,0.0,0.0,0.0,0.0
132,Anukul Roy,Kolkata Knight Riders,2022,0,1,1,0,0,0,0.2,0.2,11.833333333333334,18,132.29813664596273,21.3,0.52,25,7.0663811563169165,42.30769230769231,35.92307692307692,0.0,94.8364210526316,15.230769230769232,25.71428571428571
0,Anunay Singh,Rajasthan Royals,2022,0,1,1,0,0,0,0.2,0.2,0.0,0,0.0,0.0,0.0,0,0.0,0.0,0.0,0.0,0.0,0.0,0.0
2893,Arjun Tendulkar,Mumbai Indians,2022,0,1,1,0,0,0,0.2,0.3,1.5,2,42.857142857142854,3.0,1.0,2,9.571428571428573,33.5,21.0,0.0,0.0,0.0,0.0
2893,Arjun Tendulkar,Mumbai Indians,2021,0,1,1,0,0,0,0.2,0.2,1.5,2,42.857142857142854,3.0,1.0,2,9.571428571428573,33.5,21.0,0.0,0.0,0.0,0.0
2265,Aryan Juyal,Mumbai Indians,2022,0,0,0,1,0,0,0.2,0.2,10.0,3,115.38461538461537,15.0,0.0,0,0.0,0.0,0.0,0.0,0.0,0.0,0.0
0,Ashok Sharma,Kolkata Knight Riders,2022,0,0,1,0,0,0,0.2,0.55,0.0,0,0.0,0.0,0.0,0,0.0,0.0,0.0,0.0,0.0,0.0,0.0
3484,Ashwin Hebbar,Delhi Capitals,2022,0,1,0,0,0,0,0.2,0.2,25.727272727272727,11,128.05429864253392,47.166666666666664,1.3636363636363635,11,8.214285714285715,23.0,16.8,23.098736842105264,135.34888235294116,11.505744562186281,15.428571428571429
2637,Atharva Taide,Punjab Kings,2022,0,1,1,0,0,0,0.2,0.2,0.0,0,0.0,0.0,0.0,0,0.0,0.0,0.0,0.0,0.0,0.0,0.0
112,Avesh Khan,Lucknow Super Giants,2022,0,0,1,0,1,0,0.2,10.0,1.625,8,59.09090909090909,2.6,1.16,25,8.538461538461538,26.79310344827586,18.82758620689655,0.0,35.653999999999996,18.187311178247736,9.152955331628817
2889,Ayush Badoni,Lucknow Super Giants,2022,0,1,1,0,0,0,0.2,0.2,8.0,1,72.72727272727273,8.0,0.0,0,0.0,0.0,0.0,0.0,0.0,0.0,0.0
4306,B. Sai Sudharsan,Gujarat Titans,2022,0,1,1,0,0,0,0.2,0.2,0.0,0,0.0,0.0,0.0,0,0.0,0.0,0.0,0.0,0.0,0.0,0.0
2332,Baba Indrajith,Kolkata Knight Riders,2022,0,0,0,1,0,0,0.2,0.2,20.625,8,101.85185185185186,23.571428571428573,0.0,0,0.0,0.0,0.0,32.58466666666667,87.42800000000001,0.0,0.0
2175,Baltej Dhanda,Punjab Kings,2022,0,0,1,0,0,0,0.2,0.2,3.3333333333333335,3,125.0,5.0,1.0909090909090908,11,9.121951219512194,31.166666666666668,20.5,0.0,0.0,45.0,18.0
73,Basil Thampi,Mumbai Indians,2022,0,0,1,0,0,0,0.3,0.3,3.5454545454545454,11,111.42857142857143,6.5,0.8846153846153846,26,9.28409090909091,35.52173913043478,22.956521739130434,0.0,16.708,26.490566037735846,18.32409972299169
138,Ben Cutting,Kolkata Knight Riders,2021,1,1,1,0,1,0,0.5,0.75,18.487179487179485,78,148.96694214876035,26.21818181818182,0.8421052631578947,76,8.997594226142743,29.21875,19.484375,120.34755555555556,512.8374737945493,13.365327581558372,15.72963263455127
869,Benny Howell,Punjab Kings,2022,1,1,1,0,0,0,0.4,0.4,16.37037037037037,27,147.33333333333334,22.1,1.2352941176470589,34,7.143254520166899,20.38095238095238,17.11904761904762,66.95563636363636,184.5088524590164,16.054054054054056,10.692624485211532
688,Bhanuka Rajapaksa,Punjab Kings,2022,1,1,0,0,0,0,0.5,0.5,24.692307692307693,26,148.26789838337183,29.181818181818183,0.0,2,10.666666666666666,0.0,0.0,211.21845173041893,105.27464285714287,30.0,0.0
66,Bhuvneshwar Kumar,Sunrisers Hyderabad,2022,0,0,1,0,1,0,2.0,4.2,3.6315789473684212,19,75.82417582417582,8.625,0.8709677419354839,62,7.28757225433526,31.12962962962963,25.62962962962963,0.0,46.62133333333334,12.522470518942162,14.272583699762121
2334,C Hari Nishaanth,Chennai Super Kings,2021,0,1,0,0,0,0,0.2,0.2,26.25925925925926,27,120.57823129251702,32.22727272727273,1.0,4,6.51063829787234,12.75,11.75,196.8939739583333,64.25463157894738,0.0,10.588235294117647
2334,C.Hari Nishaanth,Chennai Super Kings,2022,0,1,0,0,0,0,0.2,0.2,26.25925925925926,27,120.57823129251702,32.22727272727273,1.0,4,6.51063829787234,12.75,11.75,196.8939739583333,64.25463157894738,0.0,10.588235294117647
2296,Chama Milind,Royal Challengers Bangalore,2022,0,0,1,0,0,0,0.2,0.25,8.6,10,172.0,21.5,0.9411764705882353,17,7.545706371191136,28.375,22.5625,0.0,83.53609090909092,35.25,13.428174878556558
4440,Chamika Karunaratne,Kolkata Knight Riders,2022,1,1,1,0,1,0,0.5,0.5,2.0,2,36.36363636363637,2.0,0.0,1,11.0,0.0,0.0,0.0,25.749000000000002,0.0,0.0
1970,Chetan Sakariya,Delhi Capitals,2022,0,0,1,0,0,1,0.5,4.2,0.0,1,0.0,0.0,1.8,15,6.8392857142857135,14.185185185185185,12.444444444444445,0.0,0.0,9.466498103666245,5.6277915632754345
1970,Chetan Sakariya,Rajasthan Royals,2021,0,0,1,0,0,1,0.5,1.2,0.0,1,0.0,0.0,1.8,15,6.8392857142857135,14.185185185185185,12.444444444444445,0.0,0.0,9.466498103666245,5.6277915632754345
1495,Cheteshwar Pujara,Chennai Super Kings,2021,0,1,0,0,1,0,0.5,0.5,32.0,5,116.7883211678832,53.333333333333336,0.0,0,0.0,0.0,0.0,0.0,0.0,0.0,0.0
238,Chris Green,Kolkata Knight Riders,2020,1,1,1,0,0,0,0.2,0.2,10.911111111111111,45,124.61928934010152,18.185185185185187,0.9047619047619048,63,6.8590909090909085,26.473684210526315,23.157894736842106,58.852666666666664,217.53908928571428,13.113631254939781,10.078705172960966
209,Chris Jordan,Chennai Super Kings,2022,1,1,1,0,1,0,2.0,3.6,6.476190476190476,63,119.29824561403508,11.027027027027026,1.0530973451327434,113,8.569243840271877,28.252100840336134,19.781512605042018,38.042,208.29147368421053,14.685662774643811,13.868265965194981
209,Chris Jordan,Kings XI Punjab,2020,1,1,1,0,1,0,2.0,3.0,7.378378378378378,37,129.38388625592415,13.0,1.0294117647058822,68,8.423897581792318,28.2,20.085714285714285,38.042,140.9178226950355,13.793618212353051,14.067318626336139
84,Chris Lynn,Mumbai Indians,2020,1,1,0,0,1,0,1.0,2.0,27.972602739726028,73,140.34364261168383,29.594202898550726,0.0,0,0.0,0.0,0.0,592.7501766601039,103.92379310344828,0.0,0.0
274,Chris Woakes,Delhi Capitals,2020,1,1,1,0,1,0,1.0,1.5,15.833333333333334,6,150.79365079365078,31.666666666666668,1.3333333333333333,9,10.049261083743842,28.333333333333332,16.916666666666668,0.0,88.05166666666666,18.256930283824747,11.78048780487805
113,Christopher Morris,Rajasthan Royals,2021,1,1,1,0,1,0,2.0,16.25,10.526315789473685,57,143.88489208633092,15.0,1.2911392405063291,79,8.14487632508834,22.598039215686274,16.647058823529413,104.28500000000001,245.13236363636364,15.488024974391493,9.992722517775347
113,Christopher Morris,Royal Challengers Bangalore,2020,1,1,1,0,1,0,2.0,10.0,11.64102564102564,39,141.875,16.814814814814813,1.2545454545454546,55,8.42220353238015,24.18840579710145,17.231884057971016,100.20842857142857,202.71066666666664,15.948789386139554,10.753850536511251
34,Dale Steyn,Royal Challengers Bangalore,2020,1,0,1,0,1,0,1.0,2.0,4.545454545454546,11,90.9090909090909,16.666666666666668,1.5,30,6.971098265895954,17.866666666666667,15.377777777777778,0.0,55.225000000000016,10.404306515301087,13.96330962186447
257,Dan Christian,Royal Challengers Bangalore,2021,1,1,1,0,1,0,2.0,4.8,17.63157894736842,114,147.03730797366495,26.44736842105263,0.8482142857142857,112,8.645303867403314,27.45263157894737,19.05263157894737,46.087999999999994,647.6961316187594,18.583691099134835,13.025609573086783
208,Daniel Sams,Mumbai Indians,2022,1,1,1,0,1,0,1.0,2.6,10.688888888888888,45,145.31722054380666,14.147058823529411,1.3148148148148149,54,8.427906976744186,21.267605633802816,15.140845070422536,47.61155555555556,205.44123762376242,13.843863393810032,11.401830452834501
169,Darshan Nalkande,Gujarat Titans,2022,0,1,1,0,0,0,0.2,0.2,6.888888888888889,9,82.66666666666667,7.75,2.230769230769231,13,7.708029197080291,12.137931034482758,9.448275862068966,0.0,43.02600000000001,17.30769230769231,11.673024523160764
500,Daryl Mitchell,Rajasthan Royals,2022,1,1,1,0,1,0,0.75,0.75,18.933333333333334,30,134.59715639810426,28.4,0.9032258064516129,31,8.498886414253898,22.714285714285715,16.035714285714285,45.09623529411765,133.66386046511627,15.230769230769232,10.295670538542767
181,David Miller,Gujarat Titans,2022,1,1,0,0,1,0,1.0,3.0,24.714285714285715,84,142.48455730954015,35.793103448275865,0.0,0,0.0,0.0,0.0,147.04498260869568,495.64219870410375,0.0,0.0
181,David Miller,Rajasthan Royals,2020,1,1,0,0,1,0,0.75,0.75,26.806451612903224,62,144.64751958224542,38.651162790697676,0.0,0,0.0,0.0,0.0,148.59339669421487,402.10371270718235,0.0,0.0
72,David Warner,Delhi Capitals,2022,1,1,0,0,1,0,2.0,6.25,33.871428571428574,70,134.48667044809983,41.59649122807018,0.0,1,12.0,0.0,0.0,647.9453516666666,186.13440506329115,0.0,0.0
13,David Willey,Royal Challengers Bangalore,2022,1,1,1,0,1,0,2.0,2.0,20.394736842105264,38,132.02725724020442,22.794117647058822,1.0,47,8.086393088552915,26.5531914893617,19.70212765957447,207.827314516129,100.6667808219178,13.033427847213233,13.734878999670261
385,Dawid Malan,Punjab Kings,2021,1,1,1,0,1,0,1.0,1.5,27.5125,80,128.33819241982508,30.15068493150685,0.16666666666666666,12,8.352,87.0,62.5,480.9660193965517,212.8783409090909,0.0,8.808510638297872
2,Deepak Chahar,Chennai Super Kings,2022,0,0,1,0,1,0,2.0,14.0,6.766666666666667,30,122.28915662650604,12.6875,1.2435897435897436,78,7.192982456140351,21.1340206185567,17.628865979381445,66.62100000000001,49.452625000000005,13.674795060703538,10.158146518947742
87,Deepak Hooda,Lucknow Super Giants,2022,0,1,1,0,1,0,0.75,5.75,19.162790697674417,43,131.41945773524722,25.75,0.2631578947368421,19,7.9,63.2,48.0,40.019666666666666,137.27984375,0.0,0.0
87,Deepak Hooda,Kings XI Punjab,2020,0,1,1,0,1,0,0.5,0.5,19.026315789473685,38,130.03597122302156,23.322580645161292,0.2777777777777778,18,7.871794871794872,61.4,46.8,40.019666666666666,90.0746913580247,0.0,0.0
50,Devdutt Padikkal,Rajasthan Royals,2022,0,1,0,0,1,0,2.0,7.75,38.604651162790695,43,142.61168384879724,43.68421052631579,0.5,4,10.166666666666666,30.5,18.0,287.768658755038,95.50166666666667,25.0,11.249999999999998
637,Devon Conway,Chennai Super Kings,2022,1,1,0,0,1,0,1.0,1.0,42.5,40,142.49790444258173,56.666666666666664,0.0,0,0.0,0.0,0.0,430.8453333333334,224.73622754491018,0.0,0.0
0,Dewald Brevis,Mumbai Indians,2022,1,1,0,0,0,1,0.2,3.0,0.0,0,0.0,0.0,0.0,0,0.0,0.0,0.0,0.0,0.0,0.0,0.0
2812,Dhruv Jurel,Rajasthan Royals,2022,0,0,0,1,0,0,0.2,0.2,14.0,2,75.67567567567568,14.0,0.0,0,0.0,0.0,0.0,0.0,0.0,0.0,0.0
200,Digvijay Deshmukh,Mumbai Indians,2020,0,1,1,0,0,0,0.2,0.2,9.5,2,135.71428571428572,9.5,1.2857142857142858,7,9.923076923076923,28.666666666666668,17.333333333333332,0.0,0.0,0.0,0.0
97,Dinesh Karthik,Royal Challengers Bangalore,2022,0,0,0,1,1,0,2.0,5.5,23.350649350649352,77,143.03898170246617,33.924528301886795,0.0,0,0.0,0.0,0.0,57.176903225806456,397.78214662756596,0.0,0.0
909,Dominic Drakes,Gujarat Titans,2022,1,1,1,0,1,0,0.75,1.1,12.75,4,154.54545454545453,17.0,0.5,8,9.673469387755102,59.25,36.75,0.0,94.33500000000001,21.0,12.276174130129506
286,Dushmanta Chameera,Lucknow Super Giants,2022,1,0,1,0,1,0,0.5,2.0,7.4,5,94.87179487179486,9.25,1.0,13,9.03202846975089,32.53846153846154,21.615384615384617,0.0,49.4223870967742,14.910178037570835,16.443851742849258
400,Dwaine Pretorius,Chennai Super Kings,2022,1,1,1,0,1,0,0.5,0.5,17.857142857142858,35,141.4027149321267,24.03846153846154,0.625,40,8.669001751313486,33.0,22.84,84.375,130.68565217391307,19.697875321036655,7.088384110237915
41,Dwayne Bravo,Chennai Super Kings,2022,1,1,1,0,1,0,2.0,4.4,13.3,80,142.62734584450402,20.862745098039216,1.1965811965811965,117,8.537821782178217,25.664285714285715,18.035714285714285,50.31766666666667,396.9971259079903,13.958339715117171,11.748343751044557
39,Eoin Morgan,Kolkata Knight Riders,2020,1,1,0,0,1,0,2.0,5.25,1.4285714285714286,7,34.48275862068966,3.3333333333333335,1.1,60,7.735271614384086,25.53030303030303,19.803030303030305,0.0,18.958117647058824,13.947257176563115,11.198884017536868
103,Evin Lewis,Lucknow Super Giants,2022,1,1,0,0,1,0,2.0,2.0,26.522727272727273,88,141.36886735311933,28.463414634146343,0.0,0,0.0,0.0,0.0,875.8824309285021,88.86528571428572,0.0,0.0
224,Fabian Allen,Mumbai Indians,2022,1,1,1,0,1,0,0.75,0.75,19.967741935483872,31,165.06666666666666,28.136363636363637,0.6206896551724138,29,7.729032258064516,33.27777777777778,25.833333333333332,12.545333333333334,242.4451878453039,13.97250745279894,8.43964421855146
224,Fabian Allen,Punjab Kings,2021,1,1,1,0,1,0,0.75,0.75,19.967741935483872,31,165.06666666666666,28.136363636363637,0.6206896551724138,29,7.729032258064516,33.27777777777778,25.833333333333332,12.545333333333334,242.4451878453039,13.97250745279894,8.43964421855146
224,Fabian Allen,Sunrisers Hyderabad,2020,1,1,1,0,1,0,0.5,0.5,20.392857142857142,28,170.44776119402985,28.55,0.5769230769230769,26,7.416058394160585,33.86666666666667,27.4,11.689333333333334,236.88741860465117,12.638472655358637,8.43964421855146
19,Faf Du Plessis,Royal Challengers Bangalore,2022,1,1,0,0,1,0,2.0,7.0,31.939393939393938,66,138.41103086014445,36.98245614035088,0.0,0,0.0,0.0,0.0,572.7073072188742,218.14546099290783,0.0,0.0
4147,Fazalhaq Farooqi,Sunrisers Hyderabad,2022,1,0,1,0,1,0,0.5,0.5,0.0,1,0.0,0.0,0.0,1,11.0,0.0,0.0,0.0,0.0,0.0,0.0
3151,Finn Allen,Royal Challengers Bangalore,2022,1,1,0,0,1,0,0.5,0.8,46.54545454545455,11,193.93939393939394,56.888888888888886,0.0,1,8.0,0.0,0.0,300.84148695652175,54.65200000000001,0.0,0.0
214,Glenn Maxwell,Royal Challengers Bangalore,2021,1,1,1,0,1,0,2.0,14.25,26.20754716981132,106,146.51898734177215,32.30232558139535,0.5897435897435898,78,7.543336439888164,29.32608695652174,23.32608695652174,218.69586030428772,437.82461712846344,13.494979594019,13.195371724963424
214,Glenn Maxwell,Kings XI Punjab,2020,1,1,1,0,1,0,2.0,10.75,29.7,60,151.6595744680851,34.94117647058823,0.5897435897435898,39,7.590361445783133,27.391304347826086,21.652173913043477,199.24219029126215,287.16492857142856,14.427480916030536,8.727272727272727
544,Glenn Phillips,Sunrisers Hyderabad,2022,1,0,0,1,1,0,1.5,1.5,28.024390243902438,82,140.55045871559633,29.844155844155843,0.6,5,8.916666666666668,35.666666666666664,24.0,620.528422055347,176.53954545454545,0.0,20.263473053892216
14,Gurkeerat Singh Mann,Gujarat Titans,2022,0,1,1,0,0,0,0.5,0.5,22.9375,32,128.7719298245614,33.36363636363637,0.2,5,5.8,58.0,60.0,62.06126086956522,90.02618181818181,0.0,0.0
30,Harbhajan Singh,Kolkata Knight Riders,2021,0,0,1,0,1,0,1.0,2.0,7.545454545454546,11,91.20879120879121,7.545454545454546,0.9090909090909091,33,7.4658573596358115,27.333333333333332,21.966666666666665,27.900285714285715,12.665333333333335,14.008919150851822,5.538461538461539
168,Harpreet Brar,Punjab Kings,2022,0,1,1,0,0,0,0.2,3.8,7.0,11,114.92537313432835,11.0,1.105263157894737,19,6.945652173913043,20.285714285714285,17.523809523809526,0.0,64.52226315789474,31.0,0.0
127,Harshal Patel,Royal Challengers Bangalore,2022,0,1,1,0,1,0,2.0,10.75,26.130434782608695,23,160.6951871657754,28.61904761904762,1.2758620689655173,29,8.088669950738916,22.18918918918919,16.45945945945946,93.34588888888891,78.55957142857145,18.734693877551017,13.568474444010924
0,Hrithik Shokeen,Mumbai Indians,2022,0,1,1,0,0,0,0.2,0.2,0.0,0,0.0,0.0,0.0,0,0.0,0.0,0.0,0.0,0.0,0.0,0.0
137,Ishan Kishan,Mumbai Indians,2022,0,0,0,1,1,0,2.0,15.25,30.821428571428573,56,141.82415776499587,34.52,0.0,0,0.0,0.0,0.0,247.81544071588365,135.6380740740741,0.0,0.0
215,Ishan Porel,Punjab Kings,2022,0,0,1,0,0,1,0.2,0.25,2.0,1,40.0,2.0,1.3888888888888888,18,6.507462686567164,17.44,16.08,0.0,0.0,12.488038277511961,7.933719966859984
221,Isuru Udana,Royal Challengers Bangalore,2020,1,1,1,0,0,1,0.5,0.5,13.4375,32,140.06514657980455,20.476190476190474,1.1,40,7.84956843403206,24.113636363636363,18.431818181818183,0.0,221.63293877551024,14.554959433692806,10.597444957868985
7,Jagadeesha Suchith,Sunrisers Hyderabad,2022,0,0,1,0,0,1,0.2,0.2,10.166666666666666,18,121.19205298013244,16.636363636363637,0.9444444444444444,36,6.860655737704918,24.61764705882353,21.529411764705884,23.378666666666668,13.916,12.891352549889135,12.436363636363637
7,Jagadeesha Suchith,Sunrisers Hyderabad,2021,0,0,1,0,0,1,0.2,0.3,10.166666666666666,18,121.19205298013244,16.636363636363637,0.9444444444444444,36,6.860655737704918,24.61764705882353,21.529411764705884,23.378666666666668,13.916,12.891352549889135,12.436363636363637
130,Jalaj Saxena,Punjab Kings,2021,0,1,1,0,0,1,0.2,0.3,9.5,8,82.6086956521739,19.0,1.6666666666666667,12,6.2926829268292686,12.9,12.3,0.0,32.958,8.59090909090909,2.7692307692307696
211,James Neesham,Rajasthan Royals,2022,1,1,1,0,1,0,1.5,1.5,17.341463414634145,41,140.79207920792078,24.517241379310345,1.125,48,9.696055684454755,25.796296296296298,15.962962962962964,77.667,186.4536560509554,17.916300156937208,10.644217789110545
211,James Neesham,Mumbai Indians,2021,1,1,1,0,1,0,0.5,0.5,17.341463414634145,41,140.79207920792078,24.517241379310345,1.125,48,9.696055684454755,25.796296296296298,15.962962962962964,77.667,186.4536560509554,17.916300156937208,10.644217789110545
211,James Neesham,Kings XI Punjab,2020,1,1,1,0,1,0,0.5,0.5,14.714285714285714,21,152.97029702970298,19.3125,1.1666666666666667,24,10.540909090909091,27.607142857142858,15.714285714285714,78.56344736842107,108.28696078431372,28.466750890088438,12.220875452759168
135,Jason Behrendorff,Royal Challengers Bangalore,2022,1,0,1,0,1,0,0.75,0.75,2.375,8,82.6086956521739,4.75,0.9487179487179487,39,7.110831234256926,25.43243243243243,21.45945945945946,0.0,29.871000000000002,12.11707317073171,43.61538461538462
242,Jason Holder,Lucknow Super Giants,2022,1,1,1,0,1,0,1.5,8.75,13.75,44,135.04464285714286,17.285714285714285,0.9807692307692307,52,7.908847184986596,28.92156862745098,21.941176470588236,111.25739024390244,189.44166265060238,14.438514429476923,12.95788677902788
264,Jason Roy,Gujarat Titans,2022,1,1,0,0,1,0,2.0,2.0,25.2972972972973,74,136.8421052631579,26.366197183098592,0.0,0,0.0,0.0,0.0,745.1381624854923,81.05136363636365,0.0,0.0
264,Jason Roy,Delhi Capitals,2020,1,1,0,0,1,0,1.0,1.5,21.5,42,144.71153846153845,22.024390243902438,0.0,0,0.0,0.0,0.0,403.18128403158886,71.345,0.0,0.0
128,Jayant Yadav,Gujarat Titans,2022,0,1,1,0,1,0,1.0,1.7,1.25,8,83.33333333333334,3.3333333333333335,0.75,28,6.448275862068965,26.714285714285715,24.857142857142858,0.0,0.0,11.947087491297285,21.0
175,Jaydev Unadkat,Mumbai Indians,2022,0,0,1,0,1,0,0.75,1.3,7.0,21,117.6,12.25,1.0847457627118644,59,8.54516129032258,27.59375,19.375,0.0,57.92704347826088,15.313050548854859,14.93498131647025
175,Jaydev Unadkat,Rajasthan Royals,2020,0,0,1,0,1,0,0.75,3.0,7.555555555555555,18,122.52252252252251,12.363636363636363,1.148936170212766,47,8.294117647058822,25.24074074074074,18.25925925925926,0.0,55.41539393939394,14.46507300119046,15.515726072313203
375,Jhye Richardson,Punjab Kings,2021,1,0,1,0,1,0,2.0,14.0,8.846153846153847,26,146.49681528662418,23.0,1.2745098039215685,51,7.672727272727273,22.723076923076924,17.76923076923077,0.0,154.3852222222222,13.822190733351905,12.797781442062659
2060,Jitesh Sharma,Punjab Kings,2022,0,0,0,1,0,0,0.2,0.2,22.181818181818183,22,127.74869109947645,23.238095238095237,0.0,0,0.0,0.0,0.0,81.70496045197741,0.0,0.0,0.0
178,Jofra Archer,Mumbai Indians,2022,1,1,1,0,1,0,2.0,8.0,9.081632653061224,49,150.84745762711864,16.48148148148148,1.3020833333333333,96,7.546811397557666,22.248,17.688,0.0,242.25212244897963,13.343129156054864,11.75065395748858
54,Jonny Bairstow,Punjab Kings,2022,1,0,0,1,1,0,1.5,6.75,33.47727272727273,44,148.6377396569122,38.76315789473684,0.0,0,0.0,0.0,0.0,418.60770101010104,148.67146511627905,0.0,0.0
202,Josh Hazlewood,Royal Challengers Bangalore,2022,1,0,1,0,1,0,2.0,7.75,12.0,1,400.0,12.0,0.7,10,6.611111111111111,34.0,30.857142857142858,0.0,136.714,13.167240922342963,24.42857142857143
54,Josh Hazlewood,Chennai Super Kings,2020,1,0,1,0,1,0,2.0,2.0,37.57142857142857,21,159.3939393939394,46.411764705882355,0.0,0,0.0,0.0,0.0,262.7290666666667,133.642,0.0,0.0
222,Joshua Philippe,Royal Challengers Bangalore,2020,1,0,0,1,1,0,0.2,0.2,19.4375,16,153.96039603960395,28.272727272727273,0.0,0,0.0,0.0,0.0,121.46909473684212,105.39539130434784,0.0,0.0
4452,K.Bhagath Varma,Chennai Super Kings,2022,0,1,1,0,0,0,0.2,0.2,0.0,0,0.0,0.0,0.0,0,0.0,0.0,0.0,0.0,0.0,0.0,0.0
4452,K.Bhagath Varma,Chennai Super Kings,2021,0,1,1,0,0,0,0.2,0.2,0.0,0,0.0,0.0,0.0,0,0.0,0.0,0.0,0.0,0.0,0.0,0.0
95,K.C Cariappa,Rajasthan Royals,2022,0,0,1,0,0,0,0.2,0.3,3.4,5,130.76923076923077,8.5,0.7058823529411765,17,6.467065868263473,30.0,27.833333333333332,0.0,50.86371428571429,37.6875,20.680851063829788
95,K.C Cariappa,Rajasthan Royals,2021,0,0,1,0,0,0,0.2,0.2,3.4,5,130.76923076923077,8.5,0.7058823529411765,17,6.467065868263473,30.0,27.833333333333332,0.0,50.86371428571429,37.6875,20.680851063829788
4,K.M. Asif,Chennai Super Kings,2022,0,0,1,0,0,0,0.2,0.2,0.3333333333333333,3,33.33333333333333,1.0,1.1333333333333333,15,8.0,22.11764705882353,16.58823529411765,0.0,0.0,10.033277870216306,15.26565394590589
2145,K.S. Bharat,Delhi Capitals,2022,0,0,0,1,0,1,0.2,2.0,24.818181818181817,11,135.14851485148515,24.818181818181817,0.0,0,0.0,0.0,0.0,169.7332711864407,0.0,0.0,0.0
126,Kagiso Rabada,Punjab Kings,2022,1,0,1,0,1,0,2.0,9.25,5.884615384615385,26,110.86956521739131,8.5,1.5,62,7.965738758029978,20.0,15.064516129032258,0.0,81.43511111111113,14.657912394653495,9.794790844514601
70,Kamlesh Nagarkoti,Delhi Capitals,2022,0,1,1,0,0,1,0.4,1.1,3.6666666666666665,6,70.96774193548387,7.333333333333333,0.5555555555555556,9,8.884615384615385,46.2,31.2,0.0,37.270947368421055,21.75,21.648160535117057
376,Kane Richardson,Royal Challengers Bangalore,2020,1,0,1,0,1,0,2.0,4.0,6.181818181818182,11,115.2542372881356,68.0,1.4444444444444444,36,7.895113230035758,21.23076923076923,16.134615384615383,0.0,70.23662711864408,13.182371909709781,11.335469884060702
2193,Karan Sharma,Lucknow Super Giants,2022,0,1,1,0,0,0,0.2,0.2,30.166666666666668,6,148.36065573770492,36.2,1.0,2,5.5,22.0,24.0,0.0,0.0,0.0,0.0
2193,Karn Sharma,Royal Challengers Bangalore,2022,0,0,1,0,0,0,0.5,0.5,30.166666666666668,6,148.36065573770492,36.2,1.0,2,5.5,22.0,24.0,0.0,0.0,0.0,0.0
234,Kartik Tyagi,Sunrisers Hyderabad,2022,0,0,1,0,0,1,0.2,4.0,1.3333333333333333,3,66.66666666666666,4.0,0.9,10,9.615720524017467,40.77777777777778,25.444444444444443,0.0,23.49866666666667,18.552869150150464,15.507692307692306
234,Kartik Tyagi,Rajasthan Royals,2020,0,0,1,0,0,1,0.2,1.3,0.0,0,0.0,0.0,0.0,0,0.0,0.0,0.0,0.0,0.0,0.0,0.0
166,Karun Nair,Rajasthan Royals,2022,0,1,0,0,1,0,0.5,1.4,25.1875,48,144.79041916167665,28.785714285714285,0.0,1,9.0,0.0,0.0,80.44266666666667,136.2385238095238,0.0,0.0
166,Karun Nair,Kolkata Knight Riders,2021,0,1,0,0,1,0,0.5,0.5,25.1875,48,144.79041916167665,28.785714285714285,0.0,1,9.0,0.0,0.0,80.44266666666667,136.2385238095238,0.0,0.0
46,Kedar Jadhav,Sunrisers Hyderabad,2021,0,1,1,0,1,0,1.0,2.0,20.294117647058822,34,112.56117455138663,26.53846153846154,0.0,0,0.0,0.0,0.0,61.02423529411765,60.89038095238096,0.0,0.0
2145,Kona Srikar Bharat,Royal Challengers Bangalore,2021,0,0,0,1,0,0,0.2,0.2,24.818181818181817,11,135.14851485148515,24.818181818181817,0.0,0,0.0,0.0,0.0,169.7332711864407,0.0,0.0,0.0
4412,Krishnappa Gowtham,Lucknow Super Giants,2022,0,1,1,0,0,0,0.5,0.9,9.0,2,120.0,18.0,1.6,5,9.9375,19.875,12.0,0.0,48.52475,10.52300729192859,26.318537859007833
4412,Krishnappa Gowtham,Chennai Super Kings,2021,0,1,1,0,0,1,0.5,9.25,9.0,2,120.0,18.0,1.6,5,9.9375,19.875,12.0,0.0,48.52475,10.52300729192859,26.318537859007833
143,Krunal Pandya,Lucknow Super Giants,2022,0,1,1,0,1,0,2.0,8.25,13.703125,64,128.7812041116006,19.488888888888887,0.7125,80,7.641655886157827,34.54385964912281,27.12280701754386,18.818,234.47342592592594,14.340255965496226,12.119625967325883
2411,Kuldeep Sen,Rajasthan Royals,2022,0,0,1,0,0,0,0.2,0.2,0.3333333333333333,3,14.285714285714285,1.0,0.6666666666666666,12,8.368421052631579,46.375,33.25,0.0,0.0,8.567228177641653,10.433511933755481
64,Kuldeep Yadav,Delhi Capitals,2022,0,0,1,0,1,0,1.0,2.0,5.785714285714286,14,85.26315789473684,13.5,1.2142857142857142,56,7.6427969671440605,22.235294117647058,17.455882352941178,0.0,53.04196226415095,15.775759968416894,12.427005920141076
4446,Kuldip Yadav,Rajasthan Royals,2022,0,0,1,0,0,0,0.2,0.2,0.0,0,0.0,0.0,0.0,0,0.0,0.0,0.0,0.0,0.0,0.0,0.0
4446,Kuldip Yadav,Rajasthan Royals,2021,0,0,1,0,0,0,0.2,0.2,0.0,0,0.0,0.0,0.0,0,0.0,0.0,0.0,0.0,0.0,0.0,0.0
640,Kyle Jamieson,Royal Challengers Bangalore,2021,1,1,1,0,1,0,2.0,15.0,12.571428571428571,14,143.08943089430895,25.142857142857142,1.5161290322580645,31,7.852941176470589,18.93617021276596,14.46808510638298,0.0,126.7337752808989,11.591075220160814,10.050509424931052
701,Kyle Mayers,Lucknow Super Giants,2022,1,1,1,0,1,0,0.5,0.5,22.454545454545453,11,113.82488479262673,24.7,0.5,4,9.0,36.0,24.0,110.66314285714284,93.93733333333334,26.129032258064516,10.035398230088497
2903,Lalit Yadav,Delhi Capitals,2022,0,1,1,0,0,0,0.2,0.65,0.0,0,0.0,0.0,0.0,0,0.0,0.0,0.0,0.0,0.0,0.0,0.0
2903,Lalit Yadav,Delhi Capitals,2020,0,1,1,0,0,0,0.2,0.2,0.0,0,0.0,0.0,0.0,0,0.0,0.0,0.0,0.0,0.0,0.0,0.0
172,Liam Livingstone,Punjab Kings,2022,1,1,1,0,1,0,1.0,11.5,26.571428571428573,77,137.31543624161074,28.027397260273972,1.064516129032258,31,8.277185501066098,19.606060606060606,14.212121212121213,532.2286872246696,102.60066666666668,26.25,7.663892617449664
172,Liam Livingstone,Rajasthan Royals,2021,1,1,1,0,1,0,1.0,0.75,26.571428571428573,77,137.31543624161074,28.027397260273972,1.064516129032258,31,8.277185501066098,19.606060606060606,14.212121212121213,532.2286872246696,102.60066666666668,26.25,7.663892617449664
96,Lockie Ferguson,Gujarat Titans,2022,1,0,1,0,1,0,2.0,10.0,7.0,7,132.43243243243242,24.5,1.3428571428571427,35,7.360509554140127,20.48936170212766,16.70212765957447,0.0,70.19629729729729,11.071185464715741,15.840938722294656
1902,Lukman Hussain Meriwala,Delhi Capitals,2021,0,0,1,0,0,0,0.2,0.2,2.0,3,150.0,6.0,1.7037037037037037,27,6.822916666666666,14.23913043478261,12.521739130434783,0.0,67.748,6.066968725826059,13.866028708133971
49,Lungisani Ngidi,Delhi Capitals,2022,1,0,1,0,1,0,0.5,0.5,1.6666666666666667,3,41.66666666666667,1.6666666666666667,1.6842105263157894,38,8.318877551020408,16.984375,12.25,0.0,17.166,12.721485451354804,10.130933359727388
2239,Luvnith Sisodia,Royal Challengers Bangalore,2022,0,0,0,1,0,0,0.2,0.2,13.0,13,119.01408450704226,13.0,0.0,0,0.0,0.0,0.0,101.14582642089096,0.0,0.0,0.0
239,M Siddharth,Delhi Capitals,2021,0,0,1,0,0,0,0.2,0.2,3.5,6,56.75675675675676,5.25,1.6153846153846154,13,5.658536585365853,11.047619047619047,11.714285714285714,0.0,19.456,8.74671669793621,12.966915688367129
239,M Siddharth,Kolkata Knight Riders,2020,0,0,1,0,0,0,0.2,0.2,3.5,6,56.75675675675676,5.25,1.4166666666666667,12,5.72972972972973,12.470588235294118,13.058823529411764,0.0,19.456,10.72340425531915,12.966915688367129
2154,M. Harisankar Reddy,Chennai Super Kings,2021,0,0,1,0,0,0,0.2,0.2,3.1666666666666665,6,135.71428571428572,9.5,1.4615384615384615,13,8.349809885931558,19.263157894736842,13.842105263157896,0.0,0.0,7.032558139534883,17.820299500831947
0,Maheesh Theekshana,Chennai Super Kings,2022,1,0,1,0,0,0,0.5,0.7,0.0,0,0.0,0.0,0.0,0,0.0,0.0,0.0,0.0,0.0,0.0,0.0
183,Mahipal Lomror,Royal Challengers Bangalore,2022,0,1,1,0,0,0,0.4,0.95,20.62162162162162,37,120.91917591125198,25.433333333333334,0.1,20,6.853080568720379,120.5,105.5,59.273380952380954,123.51425373134329,0.0,18.0
159,Manan Vohra,Lucknow Super Giants,2022,0,1,0,0,0,0,0.2,0.2,29.869565217391305,23,137.4,32.714285714285715,0.0,0,0.0,0.0,0.0,72.00860869565219,0.0,0.0,0.0
162,Mandeep Singh,Delhi Capitals,2022,0,1,0,0,0,1,0.5,1.1,23.98181818181818,55,139.57671957671957,35.648648648648646,0.2222222222222222,9,9.153846153846153,59.5,39.0,89.07808695652176,232.18996226415095,0.0,0.0
62,Manish Pandey,Lucknow Super Giants,2022,0,1,0,0,1,0,1.0,4.6,27.69047619047619,84,138.61740166865314,43.074074074074076,0.0,0,0.0,0.0,0.0,247.33255772357722,318.31185714285715,0.0,0.0
666,Marco Jansen,Sunrisers Hyderabad,2022,1,1,1,0,0,0,0.5,4.2,0.0,1,0.0,0.0,0.5,4,8.5,59.5,42.0,0.0,0.0,29.36842105263158,15.896103896103895
666,Marco Jansen,Mumbai Indians,2021,1,1,1,0,1,0,0.2,0.2,0.0,1,0.0,0.0,0.5,4,8.5,59.5,42.0,0.0,0.0,29.36842105263158,15.896103896103895
29,Marcus Stoinis,Delhi Capitals,2020,1,1,1,0,1,0,2.0,4.8,24.07843137254902,51,131.0565635005336,36.11764705882353,0.8222222222222222,45,8.978962131837307,28.83783783783784,19.27027027027027,217.96584033613442,268.9553533568905,16.548764629388817,11.878973909230432
249,Mark Wood,Lucknow Super Giants,2022,1,0,1,0,1,0,2.0,7.5,5.428571428571429,7,100.0,12.666666666666666,1.2666666666666666,15,8.770642201834862,25.157894736842106,17.210526315789473,0.0,64.2845,15.916955017301037,14.320441988950277
390,Matthew Wade,Gujarat Titans,2022,1,0,0,1,1,0,2.0,2.4,33.79545454545455,44,152.9835390946502,37.175,0.0,0,0.0,0.0,0.0,462.33133915857604,117.29508988764046,0.0,0.0
133,Mayank Markande,Mumbai Indians,2022,0,0,1,0,0,0,0.5,0.65,5.133333333333334,15,114.92537313432835,15.4,1.027027027027027,37,7.366178428761652,24.263157894736842,19.763157894736842,0.0,49.84762500000001,0.0,19.0810461737165
0,Mayank Yadav,Lucknow Super Giants,2022,0,0,1,0,0,0,0.2,0.2,0.0,0,0.0,0.0,0.0,0,0.0,0.0,0.0,0.0,0.0,0.0,0.0
229,Mitchell Marsh,Delhi Capitals,2022,1,1,1,0,1,0,2.0,6.5,22.073170731707318,41,134.07407407407408,30.166666666666668,0.5,22,8.943396226415093,35.90909090909091,24.09090909090909,101.98686407766992,266.6830291262136,17.047812817904376,12.08135593220339
229,Mitchell Marsh,Sunrisers Hyderabad,2020,1,1,1,0,1,0,2.0,2.0,15.625,8,100.80645161290323,17.857142857142858,0.2,5,11.799999999999999,118.0,60.0,63.99322222222222,73.43128571428572,33.42857142857142,12.436363636363637
51,Mitchell Santner,Chennai Super Kings,2022,1,1,1,0,1,0,1.0,1.9,13.422222222222222,45,132.45614035087718,27.454545454545453,0.9473684210526315,57,7.413309982486865,26.12962962962963,21.14814814814815,32.180285714285716,212.87273786407766,13.873558447920425,9.578157030304526
12,Moeen Ali,Chennai Super Kings,2021,1,1,1,0,1,0,2.0,7.0,24.98181818181818,55,158.84393063583815,29.23404255319149,0.75,52,8.45692883895131,28.94871794871795,20.53846153846154,253.75426335877862,218.8689090909091,14.119655340595024,12.640806045340051
75,Mohammad Nabi,Kolkata Knight Riders,2022,1,1,1,0,1,0,1.0,1.0,19.42718446601942,103,136.96098562628336,24.10843373493976,0.7913043478260869,115,6.9688929551692596,27.9010989010989,24.021978021978022,138.24142105263155,455.8076989247312,12.847058823529412,11.623766866991721
160,Mohammad Shami,Gujarat Titans,2022,0,0,1,0,1,0,2.0,6.25,1.6666666666666667,6,90.9090909090909,3.3333333333333335,1.2432432432432432,37,8.840989399293287,27.195652173913043,18.456521739130434,0.0,25.749000000000002,16.7311072056239,10.81983915927077
2421,Mohammed Azharudeen,Royal Challengers Bangalore,2021,0,0,0,1,0,0,0.2,0.2,23.642857142857142,14,170.6185567010309,25.46153846153846,0.0,0,0.0,0.0,0.0,155.0475,90.74766666666667,0.0,0.0
2994,Mohd. Arshad Khan,Mumbai Indians,2022,0,1,1,0,0,0,0.2,0.2,0.0,0,0.0,0.0,0.0,0,0.0,0.0,0.0,0.0,0.0,0.0,0.0
38,Mohit Sharma,Delhi Capitals,2020,0,0,1,0,0,0,0.2,0.5,2.8333333333333335,6,80.95238095238095,8.5,0.7272727272727273,11,10.471153846153847,45.375,26.0,0.0,31.118909090909092,16.226090756792193,21.060482669579898
203,Mohsin Khan,Lucknow Super Giants,2022,0,0,1,0,0,1,0.2,0.2,5.555555555555555,9,121.95121951219512,8.333333333333334,1.3636363636363635,22,6.826666666666666,17.066666666666666,15.0,0.0,32.958,18.666666666666668,9.551020408163266
203,Mohsin Khan,Mumbai Indians,2020,0,0,1,0,0,0,0.2,0.2,6.0,8,133.33333333333331,9.6,1.3157894736842106,19,6.78125,17.36,15.36,0.0,32.958,18.666666666666668,9.551020408163266
197,Moises Henriques,Punjab Kings,2021,1,1,1,0,1,0,1.0,4.2,22.78,50,132.4418604651163,27.78048780487805,0.6153846153846154,13,8.850000000000001,22.125,15.0,151.50335714285717,90.4694255319149,8.608695652173914,8.742857142857142
0,Mujeeb Zadran,Sunrisers Hyderabad,2021,1,0,1,0,1,0,1.0,1.5,0.0,0,0.0,0.0,0.0,0,0.0,0.0,0.0,0.0,0.0,0.0,0.0
2618,Mukesh Choudhary,Chennai Super Kings,2022,0,0,1,0,0,0,0.2,0.2,4.25,4,130.76923076923077,17.0,1.375,8,9.479289940828403,24.272727272727273,15.363636363636363,0.0,0.0,0.0,0.0
189,Murugan Ashwin,Mumbai Indians,2022,0,0,1,0,0,1,0.2,1.6,9.833333333333334,24,101.72413793103448,18.153846153846153,0.95,60,7.163461538461538,26.140350877192983,21.894736842105264,17.106,103.81920987654321,30.6,10.4
248,Mustafizur Rahman,Delhi Capitals,2022,1,0,1,0,1,0,2.0,2.0,3.5,30,87.5,8.076923076923077,1.3285714285714285,70,7.625405055087493,21.086021505376344,16.591397849462364,0.0,82.872,13.559882859324974,9.745002562788313
248,Mustafizur Rahman,Rajasthan Royals,2021,1,0,1,0,1,0,1.0,1.0,3.5,30,87.5,8.076923076923077,1.3285714285714285,70,7.625405055087493,21.086021505376344,16.591397849462364,0.0,82.872,13.559882859324974,9.745002562788313
43,N. Jagadeesan,Chennai Super Kings,2022,0,0,0,1,0,0,0.2,0.2,30.62857142857143,35,130.89133089133088,46.608695652173914,0.0,0,0.0,0.0,0.0,192.17617647058825,166.23658064516133,0.0,0.0
2529,N. Tilak Varma,Mumbai Indians,2022,0,1,1,0,0,1,0.2,1.7,20.75,8,139.49579831932772,23.714285714285715,0.0,2,9.333333333333334,0.0,0.0,62.901379310344836,0.0,0.0,36.0
48,Nathan Coulter-Nile,Rajasthan Royals,2022,1,0,1,0,1,0,2.0,2.0,9.88,25,150.609756097561,14.529411764705882,1.0909090909090908,44,7.782561894510227,25.104166666666668,19.354166666666668,60.525999999999996,134.54338095238094,13.802979820204941,14.892003085626126
48,Nathan Coulter-Nile,Mumbai Indians,2021,1,0,1,0,1,0,2.0,5.0,9.88,25,150.609756097561,14.529411764705882,1.0909090909090908,44,7.782561894510227,25.104166666666668,19.354166666666668,60.525999999999996,134.54338095238094,13.802979820204941,14.892003085626126
48,Nathan Coulter-Nile,Mumbai Indians,2020,1,0,1,0,1,0,2.0,8.0,11.666666666666666,12,152.17391304347828,17.5,1.1578947368421053,19,7.840579710144928,24.59090909090909,18.818181818181817,0.0,103.63982352941177,14.16258570029383,17.56784078344653
837,Nathan Ellis,Punjab Kings,2022,1,0,1,0,1,0,0.75,0.75,5.9411764705882355,17,117.44186046511629,9.181818181818182,1.103448275862069,29,8.14354066985646,26.59375,19.59375,0.0,87.655,16.933945602260685,11.519447628202757
10,Navdeep Saini,Rajasthan Royals,2022,0,0,1,0,1,0,0.75,2.6,4.4,10,86.27450980392157,14.666666666666666,0.851063829787234,47,7.622418879056047,32.3,25.425,33.356,56.46111111111111,16.5041678741285,12.825374791782343
198,Nicolas Pooran,Sunrisers Hyderabad,2022,1,0,0,1,1,0,1.5,10.75,24.214285714285715,98,145.85125998770744,30.037974683544302,0.0,0,0.0,0.0,0.0,161.36561904761905,509.09104545454545,0.0,0.0
0,Nikhil Shankar Naik,Kolkata Knight Riders,2020,0,0,0,1,0,0,0.2,0.2,0.0,0,0.0,0.0,0.0,0,0.0,0.0,0.0,0.0,0.0,0.0,0.0
60,Nitish Rana,Kolkata Knight Riders,2022,0,1,1,0,0,1,1.0,8.0,24.347826086956523,69,138.9578163771712,26.666666666666668,0.7142857142857143,35,6.6650602409638555,18.44,16.6,208.1945941605839,174.6041743119266,8.307692307692308,9.692307692307692
870,Noor Ahmad,Gujarat Titans,2022,1,0,1,0,0,0,0.3,0.3,0.25,4,50.0,1.0,0.9285714285714286,14,7.97444089456869,32.0,24.076923076923077,0.0,16.708,12.949208992506245,16.66019417475728
529,Obed Mccoy,Rajasthan Royals,2022,1,0,1,0,1,0,0.75,0.75,4.777777777777778,9,126.47058823529412,10.75,1.2272727272727273,22,8.785714285714285,24.296296296296298,16.59259259259259,0.0,51.95209090909091,15.325014180374362,11.502517026946995
702,Odean Smith,Punjab Kings,2022,1,1,1,0,1,0,1.0,6.0,3.5,2,87.5,7.0,0.6666666666666666,12,9.666666666666668,39.875,24.75,0.0,32.0495,33.88235294117647,16.559473780376393
182,Oshane Thomas,Rajasthan Royals,2020,1,0,1,0,0,0,0.5,0.5,2.0,7,53.84615384615385,4.666666666666667,1.3666666666666667,30,9.192660550458715,24.4390243902439,15.951219512195122,0.0,28.877652173913045,13.996774921791854,11.836391684419306
241,Pat Cummins,Kolkata Knight Riders,2022,1,1,1,0,1,0,2.0,7.25,11.733333333333333,15,135.3846153846154,25.142857142857142,1.037037037037037,27,7.505154639175258,26.0,20.785714285714285,0.0,126.58022222222223,13.330071227466789,13.852490042654162
241,Pat Cummins,Kolkata Knight Riders,2020,1,1,1,0,1,0,2.0,15.5,8.5,2,154.54545454545453,17.0,1.375,8,6.666666666666667,18.181818181818183,16.363636363636363,0.0,57.806000000000004,12.034426842958714,9.830324016819194
226,Pavan Deshpande,Royal Challengers Bangalore,2020,0,1,1,0,0,0,0.2,0.2,29.235294117647058,17,142.0,35.5,0.36363636363636365,11,9.285714285714286,48.75,31.5,70.47425000000001,84.23527272727274,0.0,48.0
26,Pawan Negi,Kolkata Knight Riders,2021,0,1,1,0,0,0,0.2,0.5,4.888888888888889,18,93.61702127659575,6.769230769230769,0.8387096774193549,31,7.911504424778761,28.653846153846153,21.73076923076923,42.727999999999994,22.40325,12.831973898858077,51.75
92,Piyush Chawla,Mumbai Indians,2021,0,0,1,0,1,0,1.0,2.4,9.448275862068966,29,137.68844221105527,13.047619047619047,1.1016949152542372,59,7.585365853658536,23.923076923076923,18.923076923076923,0.0,62.61741666666668,15.916490002204773,13.377955493741307
92,Piyush Chawla,Chennai Super Kings,2020,0,0,1,0,1,0,2.0,6.75,8.538461538461538,26,137.88819875776397,12.333333333333334,1.148936170212766,47,7.520958083832335,23.25925925925926,18.555555555555557,0.0,62.61741666666668,16.811457185030175,11.94147349093413
2817,Prabhsimran Singh,Punjab Kings,2022,0,0,0,1,0,0,0.2,0.6,45.8,5,139.6341463414634,76.33333333333333,0.0,0,0.0,0.0,0.0,58.387181818181816,0.0,0.0,0.0
2817,Prabhsimran Singh,Kings XI Punjab,2020,0,0,0,1,0,0,0.2,0.55,0.0,0,0.0,0.0,0.0,0,0.0,0.0,0.0,0.0,0.0,0.0,0.0
252,Pradeep Sangwan,Gujarat Titans,2022,0,1,1,0,0,0,0.2,0.2,13.6,5,151.11111111111111,22.666666666666668,1.2857142857142858,14,8.075471698113207,23.77777777777778,17.666666666666668,0.0,61.37700000000001,12.736931576710582,14.11764705882353
0,Prashant Solanki,Chennai Super Kings,2022,0,0,1,0,0,0,0.2,1.2,0.0,0,0.0,0.0,0.0,0,0.0,0.0,0.0,0.0,0.0,0.0,0.0
81,Prasidh Krishna,Rajasthan Royals,2022,0,0,1,0,1,0,1.0,10.0,0.5,8,23.52941176470588,1.3333333333333333,0.8666666666666667,45,8.127615062761507,33.205128205128204,24.512820512820515,0.0,9.479058823529412,16.215739989918692,12.696240952603317
2321,Pratham Singh,Kolkata Knight Riders,2022,0,1,0,0,0,0,0.2,0.2,31.85,20,130.0,35.388888888888886,0.0,0,0.0,0.0,0.0,85.83833333333334,0.0,0.0,0.0
244,Pravin Dubey,Delhi Capitals,2022,0,1,1,0,0,0,0.2,0.5,16.384615384615383,26,129.8780487804878,25.058823529411764,0.7575757575757576,33,7.284172661870503,27.0,22.24,19.374352941176472,138.34272897196263,0.0,15.4739263803681
952,Pravin Tambe,Kolkata Knight Riders,2020,0,0,1,0,0,0,0.2,0.2,0.0,0,0.0,0.0,0.0,0,0.0,0.0,0.0,0.0,0.0,0.0,0.0
1978,Prerak Mankad,Punjab Kings,2022,0,1,1,0,0,0,0.2,0.2,20.944444444444443,18,142.8030303030303,31.416666666666668,1.0,15,8.394736842105264,21.266666666666666,15.2,58.852666666666664,81.568,0.0,0.0
204,Prince Balwant Rai Singh,Mumbai Indians,2020,0,1,1,0,0,0,0.2,0.2,0.0,0,0.0,0.0,0.0,0,0.0,0.0,0.0,0.0,0.0,0.0,0.0
227,Priyam Garg,Sunrisers Hyderabad,2022,0,1,0,0,0,1,0.2,0.2,17.956521739130434,23,121.11436950146629,20.65,0.0,0,0.0,0.0,0.0,61.24200000000001,97.31955555555557,0.0,0.0
227,Priyam Garg,Sunrisers Hyderabad,2020,0,1,0,0,0,1,1.0,1.9,24.77777777777778,9,137.6543209876543,31.857142857142858,0.0,0,0.0,0.0,0.0,0.0,62.022285714285715,0.0,0.0
106,Quinton De Kock,Lucknow Super Giants,2022,1,0,0,1,1,0,2.0,6.75,31.20731707317073,82,143.84485666104553,33.23376623376623,0.0,0,0.0,0.0,0.0,988.6475899315737,126.79986956521739,0.0,0.0
1988,R Samarth,Sunrisers Hyderabad,2022,0,1,0,0,0,0,0.2,0.2,15.642857142857142,14,106.31067961165049,16.846153846153847,0.0,0,0.0,0.0,0.0,58.203235294117654,40.80685714285715,0.0,0.0
191,R. Ashwin,Rajasthan Royals,2022,0,1,1,0,1,0,2.0,5.0,11.696969696969697,33,128.66666666666666,14.296296296296296,0.9824561403508771,57,7.418530351437699,27.642857142857142,22.357142857142858,79.53789655172415,149.6458195488722,13.268602336325735,10.60042086931282
201,R. Sai Kishore,Gujarat Titans,2022,0,0,1,0,0,1,0.2,3.0,5.25,8,95.45454545454545,7.0,1.0238095238095237,42,5.659760087241003,20.11627906976744,21.325581395348838,0.0,65.40955555555556,10.223415058755258,14.20058749475451
201,R. Sai Kishore,Chennai Super Kings,2020,0,0,1,0,0,0,0.2,0.2,5.25,8,95.45454545454545,7.0,1.0294117647058822,34,5.855807743658211,20.885714285714286,21.4,0.0,65.40955555555556,11.489087236953548,13.6781898177247
2863,Rahul Buddhi,Mumbai Indians,2022,0,1,0,0,0,0,0.2,0.2,18.2,5,131.8840579710145,22.75,0.0,1,12.0,0.0,0.0,0.0,55.5865,0.0,36.0
123,Rahul Chahar,Punjab Kings,2022,0,0,1,0,1,0,0.75,5.25,3.764705882352941,17,96.96969696969697,10.666666666666666,1.2040816326530612,49,7.382878645343368,22.16949152542373,18.016949152542374,0.0,42.878,12.337599862554764,7.2439024390243905
131,Rahul Tewatia,Gujarat Titans,2022,0,1,1,0,1,0,0.4,9.0,19.022727272727273,44,149.19786096256684,34.875,0.7391304347826086,46,7.224646983311938,27.58823529411765,22.91176470588235,17.962,224.7939481865285,27.0,7.534883720930232
194,Rahul Tripathi,Sunrisers Hyderabad,2022,0,1,0,0,0,1,0.4,8.5,21.303571428571427,56,123.62694300518136,24.854166666666668,0.5714285714285714,7,7.615384615384615,24.75,19.5,200.262901179941,112.59609195402298,0.0,0.0
194,Rahul Tripathi,Kolkata Knight Riders,2020,0,1,0,0,0,0,0.4,0.6,22.428571428571427,42,125.93582887700533,26.914285714285715,0.5714285714285714,7,7.615384615384615,24.75,19.5,145.10018546365916,80.26920689655172,0.0,0.0
0,Raj Angad Bawa,Punjab Kings,2022,0,1,1,0,0,0,0.2,2.0,0.0,0,0.0,0.0,0.0,0,0.0,0.0,0.0,0.0,0.0,0.0,0.0
1943,Rajat Patidar,Royal Challengers Bangalore,2021,0,1,0,0,0,0,0.2,0.2,32.857142857142854,21,144.9579831932773,36.31578947368421,0.0,0,0.0,0.0,0.0,92.03023529411765,33.874,0.0,0.0
2856,Rajvardhan Hangargekar,Chennai Super Kings,2022,0,1,1,0,0,0,0.3,1.5,3.0,2,85.71428571428571,6.0,0.0,2,8.857142857142858,0.0,0.0,0.0,0.0,0.0,0.0
2573,Ramandeep Singh,Mumbai Indians,2022,0,1,1,0,0,0,0.2,0.2,6.0,3,78.26086956521739,9.0,1.0,3,6.625,17.666666666666668,16.0,0.0,0.0,0.0,0.0
0,Ramesh Kumar,Kolkata Knight Riders,2022,0,1,0,0,0,0,0.2,0.2,0.0,0,0.0,0.0,0.0,0,0.0,0.0,0.0,0.0,0.0,0.0,0.0
0,Rasikh Dar,Kolkata Knight Riders,2022,0,0,1,0,0,0,0.2,0.2,0.0,0,0.0,0.0,0.0,0,0.0,0.0,0.0,0.0,0.0,0.0,0.0
402,Rassie Van Der Dussen,Rajasthan Royals,2022,1,1,0,0,1,0,1.0,1.0,32.26470588235294,68,134.84941610325754,43.01960784313726,0.0,0,0.0,0.0,0.0,264.74891734052113,360.39657309941526,0.0,0.0
213,Ravi Bishnoi,Kings XI Punjab,2020,0,0,1,0,1,0,1.0,2.0,13.5,2,77.14285714285715,27.0,0.8,5,6.9411764705882355,29.5,25.5,0.0,44.93561904761905,30.0,33.0
388,Riley Meredith,Mumbai Indians,2022,1,0,1,0,1,0,1.0,1.0,1.5,6,69.23076923076923,1.8,1.2647058823529411,34,8.063492063492063,23.627906976744185,17.58139534883721,0.0,25.736666666666668,13.947905551809688,12.108604305384961
388,Riley Meredith,Punjab Kings,2021,1,0,1,0,1,0,1.0,8.0,1.5,6,69.23076923076923,1.8,1.2647058823529411,34,8.063492063492063,23.627906976744185,17.58139534883721,0.0,25.736666666666668,13.947905551809688,12.108604305384961
91,Rinku Singh,Kolkata Knight Riders,2022,0,1,0,0,0,0,0.2,0.55,18.303030303030305,33,140.46511627906978,23.23076923076923,1.0,1,11.0,11.0,6.0,0.0,68.59642857142856,0.0,0.0
2600,Ripal Patel,Delhi Capitals,2022,0,1,1,0,0,0,0.2,0.2,21.22222222222222,9,189.1089108910891,31.833333333333332,0.0,1,15.0,0.0,0.0,0.0,0.0,0.0,0.0
2600,Ripal Patel,Delhi Capitals,2021,0,1,1,0,0,0,0.2,0.2,21.22222222222222,9,189.1089108910891,31.833333333333332,0.0,1,15.0,0.0,0.0,0.0,0.0,0.0,0.0
1954,Rishi Dhawan,Punjab Kings,2022,0,1,1,0,0,0,0.5,0.55,20.055555555555557,18,132.72058823529412,40.111111111111114,0.95,20,7.852459016393443,25.210526315789473,19.263157894736842,0.0,47.65,30.0,42.0
151,Riyan Parag,Rajasthan Royals,2022,0,1,1,0,0,1,0.3,3.8,27.142857142857142,28,126.4559068219634,31.666666666666668,0.5555555555555556,27,7.046511627906977,33.666666666666664,28.666666666666668,27.427555555555553,142.60196296296294,9.551020408163266,0.0
61,Robin Uthappa,Chennai Super Kings,2022,0,1,0,0,1,0,2.0,2.0,23.126984126984127,63,124.95711835334478,24.283333333333335,0.0,0,0.0,0.0,0.0,302.7245714285714,87.83833898305087,0.0,0.0
61,Robin Uthappa,Rajasthan Royals,2020,0,1,0,0,1,0,2.0,3.0,23.91304347826087,46,124.01352874859074,25.58139534883721,0.0,0,0.0,0.0,0.0,200.1647640117994,69.7945,0.0,0.0
543,Romario Shepherd,Sunrisers Hyderabad,2022,1,1,1,0,1,0,0.75,7.75,9.88888888888889,9,158.92857142857142,17.8,1.1904761904761905,21,8.235,21.96,16.0,0.0,99.63285714285715,11.266917293233083,10.026941362916006
450,Rovman Powell,Delhi Capitals,2022,1,1,0,0,1,0,0.75,2.8,19.24390243902439,41,131.28119800332777,24.65625,0.5,16,10.25,46.125,27.0,81.86522222222222,165.75180327868856,0.0,10.254211332312405
279,Sachin Baby,Royal Challengers Bangalore,2021,0,1,0,0,0,0,0.2,0.2,36.166666666666664,18,138.51063829787233,40.6875,0.8,5,6.951219512195122,23.75,20.5,70.077,111.83452173913042,0.0,45.0
20,Sam Billings,Kolkata Knight Riders,2022,1,0,0,1,1,0,2.0,2.0,21.847457627118644,59,138.453276047261,26.854166666666668,0.0,0,0.0,0.0,0.0,71.93790704225353,278.31019148936167,0.0,0.0
20,Sam Billings,Delhi Capitals,2021,1,0,0,1,1,0,2.0,2.0,21.847457627118644,59,138.453276047261,26.854166666666668,0.0,0,0.0,0.0,0.0,71.93790704225353,278.31019148936167,0.0,0.0
184,Sam Curran,Chennai Super Kings,2020,1,1,1,0,1,0,2.0,5.5,19.724137931034484,29,156.28415300546447,28.6,0.875,32,9.062200956937799,33.82142857142857,22.392857142857142,149.21466666666666,170.95878217821786,18.117925688976378,13.024063974056604
228,Sandeep Bavanaka,Sunrisers Hyderabad,2020,1,1,1,0,0,0,0.2,0.2,30.11764705882353,17,128.96725440806046,46.54545454545455,0.1,10,6.842105263157895,130.0,114.0,0.0,0.0,0.0,0.0
71,Sandeep Sharma,Punjab Kings,2022,0,0,1,0,0,0,0.5,0.5,2.3125,16,78.72340425531915,7.4,1.0338983050847457,59,7.467987804878049,26.770491803278688,21.508196721311474,0.0,37.73,14.60984692558803,10.425843740324078
223,Sanjay Yadav,Mumbai Indians,2022,0,1,1,0,0,0,0.2,0.5,23.838709677419356,31,130.1056338028169,30.791666666666668,0.6071428571428571,28,7.062146892655368,36.76470588235294,31.235294117647058,79.36763636363638,114.86569565217391,0.0,23.207766990291262
223,Sanjay Yadav,Sunrisers Hyderabad,2020,0,1,1,0,0,0,0.2,0.2,25.923076923076923,26,131.38401559454192,32.095238095238095,0.5217391304347826,23,7.812949640287769,45.25,34.75,79.36763636363638,114.86569565217391,0.0,23.207766990291262
190,Sarfaraz Khan,Delhi Capitals,2022,0,1,1,0,0,0,0.2,0.2,17.26923076923077,26,124.37673130193905,22.45,0.0,2,6.75,0.0,0.0,75.67493939393938,141.95597029702972,0.0,54.0
4450,Saurabh Dubey,Sunrisers Hyderabad,2022,0,0,1,0,0,0,0.2,0.2,0.0,0,0.0,0.0,0.0,0,0.0,0.0,0.0,0.0,0.0,0.0,0.0
2170,Saurabh Kumar,Punjab Kings,2021,0,1,1,0,0,0,0.2,0.2,10.818181818181818,11,141.66666666666669,14.875,0.75,24,7.074235807860262,30.0,25.444444444444443,0.0,79.45633333333333,25.5,33.0
199,Saurabh Tiwary,Mumbai Indians,2020,0,1,0,0,0,0,0.2,0.5,19.59090909090909,22,120.39106145251397,23.944444444444443,0.0,1,8.0,0.0,0.0,108.99000000000002,52.000181818181815,0.0,0.0
387,Sean Abbott,Sunrisers Hyderabad,2022,1,0,1,0,1,0,0.75,2.4,9.052631578947368,19,122.85714285714286,11.466666666666667,1.3863636363636365,44,8.578073089700997,21.16393442622951,14.80327868852459,0.0,110.14052873563217,12.757757212847034,11.572264989699665
218,Shahbaz Ahamad,Royal Challengers Bangalore,2022,0,1,1,0,0,1,0.3,2.4,22.4,20,131.76470588235293,34.46153846153846,1.0357142857142858,28,6.159574468085107,19.96551724137931,19.448275862068964,55.626000000000005,95.2998064516129,12.618556701030927,7.238519839500669
218,Shahbaz Ahamad,Royal Challengers Bangalore,2020,0,0,0,1,0,0,0.2,0.2,17.555555555555557,9,128.45528455284554,31.6,0.9333333333333333,15,6.3061224489795915,22.071428571428573,21.0,0.0,0.0,30.0,0.0
67,Shahbaz Nadeem,Lucknow Super Giants,2022,0,0,1,0,0,0,0.5,0.5,5.916666666666667,12,94.66666666666667,8.875,0.7631578947368421,38,7.327001356852103,31.03448275862069,25.413793103448278,28.92066666666667,44.182526315789474,19.651623646960868,10.165289256198347
2333,Shahrukh Khan,Punjab Kings,2022,0,1,1,0,0,1,0.4,9.0,22.517241379310345,29,139.2324093816631,27.208333333333332,0.0,3,10.666666666666666,0.0,0.0,248.2135,110.87003703703702,33.42857142857142,0.0
2333,Shahrukh Khan,Punjab Kings,2021,0,1,1,0,0,1,0.5,5.25,22.517241379310345,29,139.2324093816631,27.208333333333332,0.0,3,10.666666666666666,0.0,0.0,248.2135,110.87003703703702,33.42857142857142,0.0
94,Shakib Al Hasan,Kolkata Knight Riders,2021,1,1,1,0,1,0,1.5,3.2,18.81159420289855,69,123.26685660018994,21.633333333333333,1.1866666666666668,75,7.202988792029887,21.662921348314608,18.04494382022472,225.39346939921393,195.46233333333333,11.662202443427516,13.322070242697944
40,Shardul Thakur,Delhi Capitals,2022,0,0,1,0,1,0,2.0,10.75,7.2105263157894735,19,115.12605042016806,12.454545454545455,1.2063492063492063,63,8.692595362752431,25.486842105263158,17.592105263157894,0.0,112.62427272727273,17.64745610085547,11.72109368615094
157,Shashank Singh,Sunrisers Hyderabad,2022,0,1,1,0,0,0,0.2,0.2,9.23076923076923,13,107.14285714285714,10.0,0.625,8,9.1,36.4,24.0,0.0,0.0,0.0,0.0
216,Sheldon Cottrell,Kings XI Punjab,2020,1,0,1,0,1,0,2.0,8.5,3.2222222222222223,9,87.87878787878788,5.8,1.5405405405405406,37,8.077220077220078,18.350877192982455,13.631578947368421,0.0,54.82051851851852,11.17475461741425,12.501077176530224
1974,Sheldon Jackson,Kolkata Knight Riders,2022,0,0,0,1,0,0,0.3,0.6,29.31578947368421,19,136.85503685503687,39.785714285714285,0.0,0,0.0,0.0,0.0,45.296,79.47,0.0,0.0
1974,Sheldon Jackson,Kolkata Knight Riders,2021,0,0,0,1,0,0,0.2,0.2,29.31578947368421,19,136.85503685503687,39.785714285714285,0.0,0,0.0,0.0,0.0,45.296,79.47,0.0,0.0
125,Sherfane Rutherford,Royal Challengers Bangalore,2022,1,1,1,0,1,0,1.0,1.0,15.533333333333333,45,133.3969465648855,17.923076923076923,0.5714285714285714,21,7.986062717770034,31.833333333333332,23.916666666666668,136.14710714285715,209.67128260869566,12.14723926380368,12.112304387849031
110,Shikhar Dhawan,Punjab Kings,2022,0,1,0,0,1,0,2.0,8.25,31.08695652173913,92,134.33536871770784,34.04761904761905,0.0,0,0.0,0.0,0.0,857.0562787427626,138.9068031496063,0.0,0.0
44,Shimron Hetmyer,Rajasthan Royals,2022,1,1,0,0,1,0,1.5,8.5,21.41891891891892,74,130.77557755775578,25.158730158730158,0.0,0,0.0,0.0,0.0,326.97323587443947,167.7509338842975,0.0,0.0
44,Shimron Hetmyer,Delhi Capitals,2020,1,1,0,0,1,0,1.5,7.75,20.75,44,131.36690647482015,22.26829268292683,0.0,0,0.0,0.0,0.0,253.80091696113078,105.45545454545454,0.0,0.0
35,Shivam Dube,Chennai Super Kings,2022,0,1,1,0,0,1,0.5,4.0,14.333333333333334,42,135.89164785553046,19.419354838709676,0.7435897435897436,39,8.74074074074074,28.482758620689655,19.551724137931036,36.38694117647059,134.39778991596637,11.702786377708977,12.08955223880597
35,Shivam Dube,Rajasthan Royals,2021,0,1,1,0,0,1,0.5,4.4,14.333333333333334,42,135.89164785553046,19.419354838709676,0.7435897435897436,39,8.74074074074074,28.482758620689655,19.551724137931036,36.38694117647059,134.39778991596637,11.702786377708977,12.08955223880597
80,Shivam Mavi,Kolkata Knight Riders,2022,0,1,1,0,0,1,0.4,7.25,3.0,8,70.58823529411765,4.0,0.7,20,9.015625,41.214285714285715,27.428571428571427,0.0,38.70055172413794,17.38753633236447,15.220335280947962
196,Shreyas Gopal,Sunrisers Hyderabad,2022,0,0,1,0,0,0,0.2,0.75,10.413793103448276,29,116.60231660231659,13.727272727272727,1.2285714285714286,70,7.175792507204612,19.302325581395348,16.13953488372093,36.45533333333333,105.88688349514564,11.136690647482014,11.77570093457944
142,Shreyas Iyer,Kolkata Knight Riders,2022,0,1,0,0,1,0,2.0,12.25,27.477272727272727,88,126.92913385826772,33.583333333333336,0.3333333333333333,3,10.536585365853659,72.0,41.0,307.3141044776119,241.31637383177573,0.0,0.0
0,Shubham Garhwal,Rajasthan Royals,2022,0,1,1,0,0,0,0.2,0.2,0.0,0,0.0,0.0,0.0,0,0.0,0.0,0.0,0.0,0.0,0.0,0.0
98,Siddharth Kaul,Royal Challengers Bangalore,2022,0,0,1,0,0,0,0.75,0.75,1.3333333333333333,12,61.53846153846154,2.6666666666666665,1.150943396226415,53,8.420512820512819,26.918032786885245,19.18032786885246,0.0,7.8740000000000006,12.856051928216877,13.084990958408682
2598,Simarjeet Singh,Chennai Super Kings,2022,0,0,1,0,0,0,0.2,0.2,0.6666666666666666,3,40.0,2.0,1.2,15,7.768421052631579,20.5,15.833333333333334,0.0,0.0,8.89602053915276,11.863230921704659
170,Steven Smith,Delhi Capitals,2021,1,1,0,0,1,0,2.0,2.2,26.927272727272726,55,127.78257118205349,32.19565217391305,0.42857142857142855,7,10.869565217391305,41.666666666666664,23.0,251.9789820062978,239.77505504587157,0.0,4.235294117647059
2116,Subhranshu Senapati,Chennai Super Kings,2022,0,1,0,0,0,0,0.2,0.2,24.0,16,129.72972972972974,27.428571428571427,0.0,0,0.0,0.0,0.0,0.0,0.0,0.0,0.0
2486,Suyash Prabhudesai,Royal Challengers Bangalore,2021,0,1,1,0,0,0,0.2,0.2,0.0,1,0.0,0.0,0.5,2,10.4,52.0,30.0,0.0,0.0,0.0,0.0
2486,Suyash Prabhudessai,Royal Challengers Bangalore,2022,0,1,1,0,0,0,0.2,0.3,0.0,1,0.0,0.0,0.5,2,10.4,52.0,30.0,0.0,0.0,0.0,0.0
85,Syed Khaleel Ahmed,Delhi Capitals,2022,0,0,1,0,0,1,0.5,5.25,0.8333333333333334,6,26.31578947368421,1.25,1.2982456140350878,57,8.35031847133758,23.62162162162162,16.972972972972972,0.0,14.832,14.975774659190082,12.707373976043709
59,T. Natarajan,Sunrisers Hyderabad,2022,0,0,1,0,1,0,1.0,4.0,2.8333333333333335,6,94.44444444444444,17.0,1.2666666666666666,45,6.779761904761905,19.982456140350877,17.68421052631579,0.0,38.897444444444446,11.711912368781379,11.329237224636595
207,Tajinder Dhillon,Kings XI Punjab,2020,0,1,1,0,0,0,0.2,0.2,18.666666666666668,12,148.34437086092714,24.88888888888889,1.0,10,6.037037037037037,16.3,16.2,0.0,117.22657142857145,0.0,0.0
2177,Tejas Baroka,Rajasthan Royals,2022,0,0,1,0,0,0,0.2,0.2,0.0,0,0.0,0.0,0.0,2,15.0,0.0,0.0,0.0,0.0,0.0,0.0
803,Tim David,Mumbai Indians,2022,1,1,1,0,1,0,0.4,8.25,16.869565217391305,23,148.0916030534351,25.866666666666667,0.0,2,3.0,0.0,0.0,0.0,194.20685714285713,9.0,0.0
243,Tim Seifert,Delhi Capitals,2022,1,0,0,1,0,0,0.5,0.5,26.73972602739726,73,133.6986301369863,29.575757575757574,0.0,0,0.0,0.0,0.0,563.0813778110945,132.0964642857143,0.0,0.0
52,Tim Southee,Kolkata Knight Riders,2022,1,0,1,0,1,0,1.5,1.5,8.4,25,131.25,17.5,1.105263157894737,57,8.64676616915423,27.58730158730159,19.142857142857142,0.0,130.63865217391307,13.858562493126092,14.344200380699156
236,Tom Banton,Kolkata Knight Riders,2020,1,1,0,0,0,0,0.2,1.0,35.588235294117645,17,155.9278350515464,37.8125,0.0,0,0.0,0.0,0.0,303.12418464052297,79.45633333333333,0.0,0.0
233,Tom Curran,Delhi Capitals,2021,1,1,1,0,1,0,1.0,5.25,12.583333333333334,48,134.52115812917594,18.875,1.2380952380952381,84,9.256637168141594,25.14423076923077,16.298076923076923,48.269999999999996,264.64806122448977,15.613335602544584,11.94718309859155
233,Tom Curran,Rajasthan Royals,2020,1,1,1,0,1,0,1.0,1.0,13.142857142857142,28,134.7985347985348,17.523809523809526,1.2407407407407407,54,8.97431018078021,23.46268656716418,15.686567164179104,46.55800000000001,176.223,14.980744291412906,10.161333713773285
101,Trent Boult,Rajasthan Royals,2022,1,0,1,0,1,0,2.0,8.0,1.1428571428571428,7,100.0,2.6666666666666665,1.3653846153846154,52,8.61986301369863,23.633802816901408,16.450704225352112,0.0,47.41433333333334,13.966355436524342,13.347850295541507
206,Tushar Deshpande,Chennai Super Kings,2022,0,0,1,0,0,0,0.2,0.2,3.875,8,129.16666666666669,7.75,1.4583333333333333,24,9.0,21.514285714285716,14.342857142857143,0.0,62.84288235294118,17.406826206355436,18.630405943221017
206,Tushar Deshpande,Delhi Capitals,2020,0,0,1,0,0,0,0.2,0.2,1.0,5,71.42857142857143,1.6666666666666667,1.7647058823529411,17,7.810055865921788,15.533333333333333,11.933333333333334,0.0,0.0,8.539833531510107,15.393665158371041
531,Tymal Mills,Mumbai Indians,2022,1,0,1,0,1,0,1.0,1.5,3.5,6,80.76923076923077,7.0,1.0588235294117647,51,8.226315789473684,28.944444444444443,21.11111111111111,0.0,34.91852380952381,19.67112455424035,10.86031963571255
37,Umesh Yadav,Kolkata Knight Riders,2022,0,0,1,0,1,0,2.0,2.0,3.9411764705882355,17,115.51724137931035,6.090909090909091,1.054054054054054,37,8.809644670050762,29.666666666666668,20.205128205128204,0.0,74.87856862745099,12.954305270667977,17.071534628292483
37,Umesh Yadav,Delhi Capitals,2021,0,0,1,0,1,0,1.0,1.0,3.9411764705882355,17,115.51724137931035,6.090909090909091,1.054054054054054,37,8.809644670050762,29.666666666666668,20.205128205128204,0.0,74.87856862745099,12.954305270667977,17.071534628292483
2304,Utkarsh Singh,Punjab Kings,2021,0,1,1,0,0,0,0.2,0.2,18.307692307692307,13,127.27272727272727,21.636363636363637,1.0555555555555556,18,6.276923076923078,17.894736842105264,17.105263157894736,72.02818181818182,27.832,20.0,0.0
2829,Vaibhav Arora,Punjab Kings,2022,0,0,1,0,0,0,0.2,2.0,0.0,2,0.0,0.0,2.0,5,6.803571428571429,12.7,11.2,0.0,0.0,4.465723612622416,0.0
2829,Vaibhav Arora,Kolkata Knight Riders,2021,0,0,1,0,0,0,0.2,0.2,0.0,2,0.0,0.0,2.0,5,6.803571428571429,12.7,11.2,0.0,0.0,4.465723612622416,0.0
163,Varun Aaron,Gujarat Titans,2022,0,0,1,0,0,0,0.5,0.5,2.0,11,32.35294117647059,3.142857142857143,1.0666666666666667,30,9.25214408233276,28.09375,18.21875,0.0,9.479058823529412,18.83274021352313,10.285714285714286
164,Varun Chakaravarthy,Kolkata Knight Riders,2020,0,1,1,0,1,0,1.0,4.0,10.5,2,131.25,21.0,0.7142857142857143,7,5.925925925925926,32.0,32.4,0.0,53.50325,22.0,14.0
1941,Venkatesh Iyer,Kolkata Knight Riders,2022,0,1,1,0,1,0,2.0,8.0,28.736842105263158,19,139.28571428571428,39.0,0.5,12,8.48,35.333333333333336,25.0,97.58200000000001,83.79125,0.0,0.0
0,Vicky Ostwal,Delhi Capitals,2022,0,1,1,0,0,0,0.2,0.2,0.0,0,0.0,0.0,0.0,0,0.0,0.0,0.0,0.0,0.0,0.0,0.0
99,Vijay Shankar,Gujarat Titans,2022,0,1,1,0,1,0,0.5,1.4,19.48076923076923,52,128.2278481012658,25.325,0.5806451612903226,31,7.274826789838336,29.166666666666668,24.055555555555557,88.53482191780823,202.1058924731183,11.201182152382325,11.454545454545455
220,Virat Singh,Sunrisers Hyderabad,2020,0,1,0,0,0,0,0.5,1.9,30.962962962962962,27,134.18940609951846,41.8,0.2,5,8.7,87.0,60.0,64.52409523809524,80.38733333333334,0.0,0.0
2096,Vishnu Vinod,Sunrisers Hyderabad,2022,0,0,0,1,0,0,0.2,0.5,27.105263157894736,19,134.11458333333331,32.1875,0.0,2,7.578947368421052,0.0,0.0,0.0,63.168727272727274,0.0,0.0
2096,Vishnu Vinod,Delhi Capitals,2021,0,0,0,1,0,0,0.2,0.2,27.105263157894736,19,134.11458333333331,32.1875,0.0,2,7.578947368421052,0.0,0.0,0.0,63.168727272727274,0.0,0.0
550,Wanindu Hasaranga,Royal Challengers Bangalore,2022,1,1,1,0,1,0,1.0,10.75,12.92,25,127.66798418972331,17.0,1.3703703703703705,27,6.766423357664233,16.7027027027027,14.81081081081081,0.0,162.79595424836603,10.956521739130435,8.286563893888411
25,Washington Sundar,Sunrisers Hyderabad,2022,0,1,1,0,1,0,1.5,8.75,16.791666666666668,48,124.19106317411402,23.02857142857143,0.7246376811594203,69,6.742358078602621,30.88,27.48,96.96800000000002,137.33512244897958,15.119179791331394,10.354476165870043
68,Wriddhiman Saha,Gujarat Titans,2022,0,0,0,1,1,0,1.0,1.9,25.03448275862069,29,143.19526627218934,27.923076923076923,0.0,0,0.0,0.0,0.0,211.62125,67.461,0.0,0.0
2139,Writtick Chatterjee,Punjab Kings,2022,0,1,1,0,0,0,0.2,0.2,16.57894736842105,19,115.80882352941177,22.5,1.1578947368421053,19,5.803030303030303,17.40909090909091,18.0,106.3569375,69.10216666666668,9.19496855345912,7.807228915662651
2267,Yash Dayal,Gujarat Titans,2022,0,0,1,0,0,0,0.2,3.2,3.3333333333333335,3,83.33333333333334,10.0,0.9090909090909091,11,7.666666666666666,23.0,18.0,0.0,0.0,7.686912961803381,13.846153846153845
0,Yash Dhull,Delhi Capitals,2022,0,1,1,0,0,0,0.2,0.5,0.0,0,0.0,0.0,0.0,0,0.0,0.0,0.0,0.0,0.0,0.0,0.0
230,Yashasvi Jaiswal,Rajasthan Royals,2020,0,1,1,0,0,1,1.0,2.4,0.0,0,0.0,0.0,0.0,0,0.0,0.0,0.0,0.0,0.0,0.0,0.0
2579,Yudhvir Charak,Mumbai Indians,2021,0,1,1,0,0,0,0.2,0.2,6.0,4,171.42857142857142,6.0,0.5,6,8.590909090909092,63.0,44.0,0.0,36.112,14.516129032258064,21.857142857142854
39,Yuzvendra Chahal,Rajasthan Royals,2022,0,0,1,0,1,0,2.0,6.5,1.2,10,35.294117647058826,2.4,1.0978260869565217,92,7.809384164222873,26.366336633663366,20.257425742574256,0.0,23.55816666666667,14.156284518828452,12.06226090434069
