Player Name,Team,Price,pid,isbatsman,isbowler,iswicketkeeper,isoversea,isCap,role,base,Chennai Super Kings purse,Delhi Capitals purse,Gujrat Titans purse,Kolkata Knight Riders purse,Lucknow Super Giants purse,Mumbai Indians purse,Punjab Kings purse,Rajastan Royals purse,Royal Challengers Banglore purse,Sunrisers Hyderabad purse,Chennai Super Kings ba,Delhi Capitals ba,Gujrat Titans ba,Kolkata Knight Riders ba,Lucknow Super Giants ba,Mumbai Indians ba,Punjab Kings ba,Rajastan Royals ba,Royal Challengers Banglore ba,Sunrisers Hyderabad ba,Chennai Super Kings bo,Delhi Capitals bo,Gujrat Titans bo,Kolkata Knight Riders bo,Lucknow Super Giants bo,Mumbai Indians bo,Punjab Kings bo,Rajastan Royals bo,Royal Challengers Banglore bo,Sunrisers Hyderabad bo,Chennai Super Kings ar,Delhi Capitals ar,Gujrat Titans ar,Kolkata Knight Riders ar,Lucknow Super Giants ar,Mumbai Indians ar,Punjab Kings ar,Rajastan Royals ar,Royal Challengers Banglore ar,Sunrisers Hyderabad ar,Chennai Super Kings wk,Delhi Capitals wk,Gujrat Titans wk,Kolkata Knight Riders wk,Lucknow Super Giants wk,Mumbai Indians wk,Punjab Kings wk,Rajastan Royals wk,Royal Challengers Banglore wk,Sunrisers Hyderabad wk,Chennai Super Kings os,Delhi Capitals os,Gujrat Titans os,Kolkata Knight Riders os,Lucknow Super Giants os,Mumbai Indians os,Punjab Kings os,Rajastan Royals os,Royal Challengers Banglore os,Sunrisers Hyderabad os,runs_per_match,matches_bat,strike_rate_bat,average_bat,wickets_per_match,matches_bowl,economy_rate,strike_rate_bowl,average_bowl,bat_powerplay,bat_death,bowl_powerplay,bowl_death,fair
Kane Williamson,Gujarat Titans,2.0,78,1,0,0,1,1,ba,2.0,20.45,19.45,19.25,7.05,23.35,20.55,32.2,13.2,8.75,42.25,4.0,6.0,4.0,3.0,4.0,6.0,4.0,4.0,5.0,3.0,8.0,9.0,8.0,6.0,5.0,7.0,6.0,8.0,7.0,6.0,5.0,4.0,4.0,4.0,5.0,2.0,3.0,1.0,4.0,2.0,1.0,1.0,2.0,1.0,1.0,1.0,3.0,3.0,2.0,1.0,6.0,6.0,5.0,5.0,4.0,5.0,5.0,4.0,6.0,4.0,31.314285714285713,70,136.14906832298138,39.85454545454545,0.0,2,13.333333333333334,0.0,0.0,251.36033333333336,324.2613050847458,0.0,0.0,6.982499999999998
Harry Brook,Sunrisers Hyderabad,13.25,1211,1,0,0,1,1,ba,1.5,20.45,19.45,17.25,7.05,23.35,20.55,32.2,13.2,8.75,42.25,4.0,6.0,5.0,3.0,4.0,6.0,4.0,4.0,5.0,3.0,8.0,9.0,8.0,6.0,5.0,7.0,6.0,8.0,7.0,6.0,5.0,4.0,4.0,4.0,5.0,2.0,3.0,1.0,4.0,2.0,1.0,1.0,2.0,1.0,1.0,1.0,3.0,3.0,2.0,1.0,6.0,6.0,6.0,5.0,4.0,5.0,5.0,4.0,6.0,4.0,20.73913043478261,23,142.81437125748505,25.105263157894736,0.5,2,13.0,26.0,12.0,122.27144600938968,116.13334426229508,0.0,0.0,4.3904999999999985
Mayank Agarwal,Sunrisers Hyderabad,8.25,167,1,0,0,0,1,ba,1.0,20.45,19.45,17.25,7.05,23.35,20.55,32.2,13.2,8.75,29.0,4.0,6.0,5.0,3.0,4.0,6.0,4.0,4.0,5.0,4.0,8.0,9.0,8.0,6.0,5.0,7.0,6.0,8.0,7.0,6.0,5.0,4.0,4.0,4.0,5.0,2.0,3.0,1.0,4.0,2.0,1.0,1.0,2.0,1.0,1.0,1.0,3.0,3.0,2.0,1.0,6.0,6.0,6.0,5.0,4.0,5.0,5.0,4.0,6.0,5.0,24.618181818181817,55,141.04166666666666,27.08,0.0,0,0.0,0.0,0.0,256.56916666666666,118.52466666666668,0.0,0.0,3.1040833333333335
Ajinkya Rahane,Chennai Super Kings,0.5,187,1,0,0,0,1,ba,0.5,20.45,19.45,17.25,7.05,23.35,20.55,32.2,13.2,8.75,20.75,4.0,6.0,5.0,3.0,4.0,6.0,4.0,4.0,5.0,5.0,8.0,9.0,8.0,6.0,5.0,7.0,6.0,8.0,7.0,6.0,5.0,4.0,4.0,4.0,5.0,2.0,3.0,1.0,4.0,2.0,1.0,1.0,2.0,1.0,1.0,1.0,3.0,3.0,2.0,1.0,6.0,6.0,6.0,5.0,4.0,5.0,5.0,4.0,6.0,5.0,23.075,40,123.06666666666666,24.289473684210527,0.0,0,0.0,0.0,0.0,345.3421860129776,73.26,0.0,0.0,0.9484999999999999
Joe Root,Rajasthan Royals,1.0,382,1,0,0,1,1,ba,1.0,19.95,19.45,17.25,7.05,23.35,20.55,32.2,13.2,8.75,20.75,5.0,6.0,5.0,3.0,4.0,6.0,4.0,4.0,5.0,5.0,8.0,9.0,8.0,6.0,5.0,7.0,6.0,8.0,7.0,6.0,5.0,4.0,4.0,4.0,5.0,2.0,3.0,1.0,4.0,2.0,1.0,1.0,2.0,1.0,1.0,1.0,3.0,3.0,2.0,1.0,6.0,6.0,6.0,5.0,4.0,5.0,5.0,4.0,6.0,5.0,28.3,20,131.93473193473193,35.375,1.1666666666666667,6,6.611111111111111,17.0,15.428571428571429,161.8745789473684,78.59200000000001,11.020408163265305,9.0,2.8031666666666673
Rilee Rossouw,Delhi Capitals,4.6,866,1,0,0,1,1,ba,2.0,19.95,19.45,17.25,7.05,23.35,20.55,32.2,12.2,8.75,20.75,5.0,6.0,5.0,3.0,4.0,6.0,4.0,5.0,5.0,5.0,8.0,9.0,8.0,6.0,5.0,7.0,6.0,8.0,7.0,6.0,5.0,4.0,4.0,4.0,5.0,2.0,3.0,1.0,4.0,2.0,1.0,1.0,2.0,1.0,1.0,1.0,3.0,3.0,2.0,1.0,6.0,6.0,6.0,5.0,4.0,5.0,5.0,5.0,6.0,5.0,25.34020618556701,97,142.1631000578369,30.725,0.25,4,5.7272727272727275,21.0,22.0,525.8330263565891,247.48688127853885,0.0,19.384615384615387,6.074499999999998
Shakib al Hasan,Kolkata Knight Riders,1.5,94,1,1,0,1,1,ar,1.5,19.95,14.85,17.25,7.05,23.35,20.55,32.2,12.2,8.75,20.75,5.0,7.0,5.0,3.0,4.0,6.0,4.0,5.0,5.0,5.0,8.0,9.0,8.0,6.0,5.0,7.0,6.0,8.0,7.0,6.0,5.0,4.0,4.0,4.0,5.0,2.0,3.0,1.0,4.0,2.0,1.0,1.0,2.0,1.0,1.0,1.0,3.0,3.0,2.0,1.0,6.0,7.0,6.0,5.0,4.0,5.0,5.0,5.0,6.0,5.0,18.81159420289855,69,123.26685660018994,21.633333333333333,1.1866666666666668,75,7.202988792029887,21.662921348314608,18.04494382022472,225.39346939921393,195.46233333333333,11.662202443427516,13.322070242697944,4.614571428571423
Sam Curran,Punjab Kings,18.5,184,1,1,0,1,1,ar,2.0,19.95,14.85,17.25,5.55,23.35,20.55,32.2,12.2,8.75,20.75,5.0,7.0,5.0,3.0,4.0,6.0,4.0,5.0,5.0,5.0,8.0,9.0,8.0,6.0,5.0,7.0,6.0,8.0,7.0,6.0,5.0,4.0,4.0,5.0,5.0,2.0,3.0,1.0,4.0,2.0,1.0,1.0,2.0,1.0,1.0,1.0,3.0,3.0,2.0,1.0,6.0,7.0,6.0,6.0,4.0,5.0,5.0,5.0,6.0,5.0,18.86046511627907,43,152.15759849906192,27.96551724137931,0.9183673469387755,49,8.815047021943574,31.244444444444444,21.266666666666666,169.24869607843138,216.53772392638038,17.328691987953874,12.8877069443404,6.122999999999999
Odean Smith,Gujarat Titans,0.5,702,1,1,0,1,1,ar,0.5,19.95,14.85,17.25,5.55,23.35,20.55,13.700000000000003,12.2,8.75,20.75,5.0,7.0,5.0,3.0,4.0,6.0,4.0,5.0,5.0,5.0,8.0,9.0,8.0,6.0,5.0,7.0,6.0,8.0,7.0,6.0,5.0,4.0,4.0,5.0,5.0,2.0,4.0,1.0,4.0,2.0,1.0,1.0,2.0,1.0,1.0,1.0,3.0,3.0,2.0,1.0,6.0,7.0,6.0,6.0,4.0,5.0,6.0,5.0,6.0,5.0,3.5,2,87.5,7.0,0.6666666666666666,12,9.666666666666668,39.875,24.75,0.0,32.0495,33.88235294117647,16.559473780376393,3.7024999999999983
Sikandar Raza,Punjab Kings,0.5,343,1,1,0,1,1,ar,0.5,19.95,14.85,16.75,5.55,23.35,20.55,13.700000000000003,12.2,8.75,20.75,5.0,7.0,5.0,3.0,4.0,6.0,4.0,5.0,5.0,5.0,8.0,9.0,8.0,6.0,5.0,7.0,6.0,8.0,7.0,6.0,5.0,4.0,5.0,5.0,5.0,2.0,4.0,1.0,4.0,2.0,1.0,1.0,2.0,1.0,1.0,1.0,3.0,3.0,2.0,1.0,6.0,7.0,7.0,6.0,4.0,5.0,6.0,5.0,6.0,5.0,16.897435897435898,39,125.04743833017078,21.258064516129032,0.5588235294117647,34,7.897435897435898,32.421052631578945,24.63157894736842,38.400999999999996,181.639,15.603956959389102,7.96652719665272,1.8290000000000006
Jason Holder,Rajasthan Royals,5.75,242,1,1,0,1,1,ar,2.0,19.95,14.85,16.75,5.55,23.35,20.55,13.200000000000003,12.2,8.75,20.75,5.0,7.0,5.0,3.0,4.0,6.0,4.0,5.0,5.0,5.0,8.0,9.0,8.0,6.0,5.0,7.0,6.0,8.0,7.0,6.0,5.0,4.0,5.0,5.0,5.0,2.0,5.0,1.0,4.0,2.0,1.0,1.0,2.0,1.0,1.0,1.0,3.0,3.0,2.0,1.0,6.0,7.0,7.0,6.0,4.0,5.0,7.0,5.0,6.0,5.0,13.75,44,135.04464285714286,17.285714285714285,0.9807692307692307,52,7.908847184986596,28.92156862745098,21.941176470588236,111.25739024390244,189.44166265060238,14.438514429476923,12.95788677902788,6.948
Cameron Green,Mumbai Indians,17.5,535,1,1,0,1,1,ar,2.0,19.95,14.85,16.75,5.55,23.35,20.55,13.200000000000003,6.449999999999999,8.75,20.75,5.0,7.0,5.0,3.0,4.0,6.0,4.0,5.0,5.0,5.0,8.0,9.0,8.0,6.0,5.0,7.0,6.0,8.0,7.0,6.0,5.0,4.0,5.0,5.0,5.0,2.0,5.0,2.0,4.0,2.0,1.0,1.0,2.0,1.0,1.0,1.0,3.0,3.0,2.0,1.0,6.0,7.0,7.0,6.0,4.0,5.0,7.0,6.0,6.0,5.0,11.777777777777779,9,108.16326530612245,15.142857142857142,0.0,1,10.5,0.0,0.0,40.08914285714285,54.08144827586207,0.0,0.0,4.304499999999999
Ben Stokes,Chennai Super Kings,16.25,161,1,1,0,1,1,ar,2.0,19.95,14.85,16.75,5.55,23.35,3.0500000000000007,13.200000000000003,6.449999999999999,8.75,20.75,5.0,7.0,5.0,3.0,4.0,6.0,4.0,5.0,5.0,5.0,8.0,9.0,8.0,6.0,5.0,7.0,6.0,8.0,7.0,6.0,5.0,4.0,5.0,5.0,5.0,3.0,5.0,2.0,4.0,2.0,1.0,1.0,2.0,1.0,1.0,1.0,3.0,3.0,2.0,1.0,6.0,7.0,7.0,6.0,4.0,6.0,7.0,6.0,6.0,5.0,24.066666666666666,45,135.71428571428572,28.5,0.8235294117647058,34,8.974182444061963,31.035714285714285,20.75,229.95971254752857,200.04777070063693,17.879954854817196,15.66839378238342,5.500000000000001
Litton Das,Kolkata Knight Riders,0.5,302,1,0,1,1,1,wk,0.5,3.6999999999999993,14.85,16.75,5.55,23.35,3.0500000000000007,13.200000000000003,6.449999999999999,8.75,20.75,5.0,7.0,5.0,3.0,4.0,6.0,4.0,5.0,5.0,5.0,8.0,9.0,8.0,6.0,5.0,7.0,6.0,8.0,7.0,6.0,6.0,4.0,5.0,5.0,5.0,3.0,5.0,2.0,4.0,2.0,1.0,1.0,2.0,1.0,1.0,1.0,3.0,3.0,2.0,1.0,7.0,7.0,7.0,6.0,4.0,6.0,7.0,6.0,6.0,5.0,27.916666666666668,36,133.6436170212766,30.454545454545453,0.0,0,0.0,0.0,0.0,704.198225946097,57.21575,0.0,0.0,1.621041666666667
Nicholas Pooran,Lucknow Supergiants,16.0,198,1,0,1,1,1,wk,2.0,3.6999999999999993,14.85,16.75,5.05,23.35,3.0500000000000007,13.200000000000003,6.449999999999999,8.75,20.75,5.0,7.0,5.0,3.0,4.0,6.0,4.0,5.0,5.0,5.0,8.0,9.0,8.0,6.0,5.0,7.0,6.0,8.0,7.0,6.0,6.0,4.0,5.0,5.0,5.0,3.0,5.0,2.0,4.0,2.0,1.0,1.0,2.0,2.0,1.0,1.0,3.0,3.0,2.0,1.0,7.0,7.0,7.0,7.0,4.0,6.0,7.0,6.0,6.0,5.0,24.214285714285715,98,145.85125998770744,30.037974683544302,0.0,0,0.0,0.0,0.0,161.36561904761905,509.09104545454545,0.0,0.0,8.8705
Heinrich Klaasen,Sunrisers Hyderabad,5.25,5,1,0,1,1,1,wk,1.0,3.6999999999999993,14.85,16.75,5.05,7.350000000000001,3.0500000000000007,13.200000000000003,6.449999999999999,8.75,20.75,5.0,7.0,5.0,3.0,4.0,6.0,4.0,5.0,5.0,5.0,8.0,9.0,8.0,6.0,5.0,7.0,6.0,8.0,7.0,6.0,6.0,4.0,5.0,5.0,5.0,3.0,5.0,2.0,4.0,2.0,1.0,1.0,2.0,2.0,2.0,1.0,3.0,3.0,2.0,1.0,7.0,7.0,7.0,7.0,5.0,6.0,7.0,6.0,6.0,5.0,20.145833333333332,48,143.89880952380955,25.44736842105263,0.2,5,9.714285714285715,68.0,42.0,125.71977922077922,152.17788888888887,0.0,10.588235294117647,3.06025
Kusal Mendis,Unsold,0.0,515,1,0,1,1,1,wk,0.5,3.6999999999999993,14.85,16.75,5.05,7.350000000000001,3.0500000000000007,13.200000000000003,6.449999999999999,8.75,15.5,5.0,7.0,5.0,3.0,4.0,6.0,4.0,5.0,5.0,5.0,8.0,9.0,8.0,6.0,5.0,7.0,6.0,8.0,7.0,6.0,6.0,4.0,5.0,5.0,5.0,3.0,5.0,2.0,4.0,2.0,1.0,1.0,2.0,2.0,2.0,1.0,3.0,3.0,2.0,2.0,7.0,7.0,7.0,7.0,5.0,6.0,7.0,6.0,6.0,6.0,25.59259259259259,27,137.1031746031746,26.576923076923077,0.0,1,0.0,0.0,0.0,265.1110459930313,68.302,0.0,0.0,1.1504999999999996
Tom Banton,Unsold,0.0,236,1,0,0,1,0,ba,2.0,3.6999999999999993,14.85,16.75,5.05,7.350000000000001,3.0500000000000007,13.200000000000003,6.449999999999999,8.75,15.5,5.0,7.0,5.0,3.0,4.0,6.0,4.0,5.0,5.0,5.0,8.0,9.0,8.0,6.0,5.0,7.0,6.0,8.0,7.0,6.0,6.0,4.0,5.0,5.0,5.0,3.0,5.0,2.0,4.0,2.0,1.0,1.0,2.0,2.0,2.0,1.0,3.0,3.0,2.0,2.0,7.0,7.0,7.0,7.0,5.0,6.0,7.0,6.0,6.0,6.0,27.15,40,152.95774647887325,28.57894736842105,0.0,0,0.0,0.0,0.0,497.23581829814464,60.498000000000005,0.0,0.0,4.012499999999999
Phil Salt,Delhi Capitals,2.0,614,1,0,1,1,1,wk,2.0,3.6999999999999993,14.85,16.75,5.05,7.350000000000001,3.0500000000000007,13.200000000000003,6.449999999999999,8.75,15.5,5.0,7.0,5.0,3.0,4.0,6.0,4.0,5.0,5.0,5.0,8.0,9.0,8.0,6.0,5.0,7.0,6.0,8.0,7.0,6.0,6.0,4.0,5.0,5.0,5.0,3.0,5.0,2.0,4.0,2.0,1.0,1.0,2.0,2.0,2.0,1.0,3.0,3.0,2.0,2.0,7.0,7.0,7.0,7.0,5.0,6.0,7.0,6.0,6.0,6.0,24.416666666666668,72,155.71302037201062,25.47826086956522,0.0,0,0.0,0.0,0.0,701.4326495601174,58.17929411764706,0.0,0.0,4.7029999999999985
Chris Jordan,Unsold,0.0,209,1,1,0,1,1,ar,2.0,3.6999999999999993,12.85,16.75,5.05,7.350000000000001,3.0500000000000007,13.200000000000003,6.449999999999999,8.75,15.5,5.0,7.0,5.0,3.0,4.0,6.0,4.0,5.0,5.0,5.0,8.0,9.0,8.0,6.0,5.0,7.0,6.0,8.0,7.0,6.0,6.0,4.0,5.0,5.0,5.0,3.0,5.0,2.0,4.0,2.0,1.0,2.0,2.0,2.0,2.0,1.0,3.0,3.0,2.0,2.0,7.0,8.0,7.0,7.0,5.0,6.0,7.0,6.0,6.0,6.0,6.476190476190476,63,119.29824561403508,11.027027027027026,1.0530973451327434,113,8.569243840271877,28.252100840336134,19.781512605042018,38.042,208.29147368421053,14.685662774643811,13.868265965194981,3.7830000000000035
Reece Topley,Royal Challengers Bangalore,1.9,507,0,1,0,1,1,bo,0.75,3.6999999999999993,12.85,16.75,5.05,7.350000000000001,3.0500000000000007,13.200000000000003,6.449999999999999,8.75,15.5,5.0,7.0,5.0,3.0,4.0,6.0,4.0,5.0,5.0,5.0,8.0,9.0,8.0,6.0,5.0,7.0,6.0,8.0,7.0,6.0,6.0,4.0,5.0,5.0,5.0,3.0,5.0,2.0,4.0,2.0,1.0,2.0,2.0,2.0,2.0,1.0,3.0,3.0,2.0,2.0,7.0,8.0,7.0,7.0,5.0,6.0,7.0,6.0,6.0,6.0,2.3333333333333335,3,77.77777777777779,7.0,1.4545454545454546,22,7.923076923076923,19.3125,14.625,0.0,36.622,14.649873532861507,7.6351446267799,2.5510595238095237
Jaydev Unadkat,Lucknow Supergiants,0.5,175,0,1,0,0,1,bo,0.75,3.6999999999999993,12.85,16.75,5.05,7.350000000000001,3.0500000000000007,13.200000000000003,6.449999999999999,6.85,15.5,5.0,7.0,5.0,3.0,4.0,6.0,4.0,5.0,5.0,5.0,8.0,9.0,8.0,6.0,5.0,7.0,6.0,8.0,8.0,6.0,6.0,4.0,5.0,5.0,5.0,3.0,5.0,2.0,4.0,2.0,1.0,2.0,2.0,2.0,2.0,1.0,3.0,3.0,2.0,2.0,7.0,8.0,7.0,7.0,5.0,6.0,7.0,6.0,7.0,6.0,7.0,21,117.6,12.25,1.0847457627118644,59,8.54516129032258,27.59375,19.375,0.0,57.92704347826088,15.313050548854859,14.93498131647025,1.5085000000000002
Adam Milne,Unsold,0.0,100,0,1,0,1,1,bo,1.5,3.6999999999999993,12.85,16.75,5.05,6.850000000000001,3.0500000000000007,13.200000000000003,6.449999999999999,6.85,15.5,5.0,7.0,5.0,3.0,4.0,6.0,4.0,5.0,5.0,5.0,8.0,9.0,8.0,6.0,6.0,7.0,6.0,8.0,8.0,6.0,6.0,4.0,5.0,5.0,5.0,3.0,5.0,2.0,4.0,2.0,1.0,2.0,2.0,2.0,2.0,1.0,3.0,3.0,2.0,2.0,7.0,8.0,7.0,7.0,5.0,6.0,7.0,6.0,7.0,6.0,6.0,18,131.70731707317074,13.5,1.0,38,7.4206730769230775,27.07894736842105,21.894736842105264,0.0,104.11197530864197,14.56580671461433,11.911099224391547,4.0609999999999955
Jhye Richardson,Mumbai Indians,1.5,375,0,1,0,1,1,bo,2.0,3.6999999999999993,12.85,16.75,5.05,6.850000000000001,3.0500000000000007,13.200000000000003,6.449999999999999,6.85,15.5,5.0,7.0,5.0,3.0,4.0,6.0,4.0,5.0,5.0,5.0,8.0,9.0,8.0,6.0,6.0,7.0,6.0,8.0,8.0,6.0,6.0,4.0,5.0,5.0,5.0,3.0,5.0,2.0,4.0,2.0,1.0,2.0,2.0,2.0,2.0,1.0,3.0,3.0,2.0,2.0,7.0,8.0,7.0,7.0,5.0,6.0,7.0,6.0,7.0,6.0,8.846153846153847,26,146.49681528662418,23.0,1.2745098039215685,51,7.672727272727273,22.723076923076924,17.76923076923077,0.0,154.3852222222222,13.822190733351905,12.797781442062659,11.798499999999999
Ishant Sharma,Delhi Capitals,0.5,144,0,1,0,0,1,bo,0.5,3.6999999999999993,12.85,16.75,5.05,6.850000000000001,1.5500000000000007,13.200000000000003,6.449999999999999,6.85,15.5,5.0,7.0,5.0,3.0,4.0,6.0,4.0,5.0,5.0,5.0,8.0,9.0,8.0,6.0,6.0,8.0,6.0,8.0,8.0,6.0,6.0,4.0,5.0,5.0,5.0,3.0,5.0,2.0,4.0,2.0,1.0,2.0,2.0,2.0,2.0,1.0,3.0,3.0,2.0,2.0,7.0,8.0,7.0,7.0,5.0,7.0,7.0,6.0,7.0,6.0,2.5,4,250.0,10.0,0.9583333333333334,24,7.594320486815416,27.130434782608695,21.434782608695652,0.0,113.73633333333333,13.72831346006398,14.393922341024199,1.7026666666666674
Adil Rashid,Sunrisers Hyderabad,2.0,381,0,1,0,1,1,bo,2.0,3.6999999999999993,12.35,16.75,5.05,6.850000000000001,1.5500000000000007,13.200000000000003,6.449999999999999,6.85,15.5,5.0,7.0,5.0,3.0,4.0,6.0,4.0,5.0,5.0,5.0,8.0,10.0,8.0,6.0,6.0,8.0,6.0,8.0,8.0,6.0,6.0,4.0,5.0,5.0,5.0,3.0,5.0,2.0,4.0,2.0,1.0,2.0,2.0,2.0,2.0,1.0,3.0,3.0,2.0,2.0,7.0,8.0,7.0,7.0,5.0,7.0,7.0,6.0,7.0,6.0,2.8181818181818183,11,79.48717948717949,5.166666666666667,1.1818181818181819,33,7.096774193548388,22.564102564102566,19.076923076923077,0.0,40.90335135135135,12.857142857142856,13.307299755935212,4.912999999999999
Akeal Hosein,Sunrisers Hyderabad,1.0,922,0,1,0,1,1,bo,1.0,3.6999999999999993,12.35,16.75,5.05,6.850000000000001,1.5500000000000007,13.200000000000003,6.449999999999999,6.85,13.5,5.0,7.0,5.0,3.0,4.0,6.0,4.0,5.0,5.0,5.0,8.0,10.0,8.0,6.0,6.0,8.0,6.0,8.0,8.0,7.0,6.0,4.0,5.0,5.0,5.0,3.0,5.0,2.0,4.0,2.0,1.0,2.0,2.0,2.0,2.0,1.0,3.0,3.0,2.0,2.0,7.0,8.0,7.0,7.0,5.0,7.0,7.0,6.0,7.0,7.0,12.0,1,75.0,12.0,1.0,10,5.9411764705882355,20.2,20.4,0.0,0.0,11.522793404461687,6.206896551724138,2.47
Adam Zampa,Rajasthan Royals,1.5,225,0,1,0,1,1,bo,1.5,3.6999999999999993,12.35,16.75,5.05,6.850000000000001,1.5500000000000007,13.200000000000003,6.449999999999999,6.85,12.5,5.0,7.0,5.0,3.0,4.0,6.0,4.0,5.0,5.0,5.0,8.0,10.0,8.0,6.0,6.0,8.0,6.0,8.0,8.0,8.0,6.0,4.0,5.0,5.0,5.0,3.0,5.0,2.0,4.0,2.0,1.0,2.0,2.0,2.0,2.0,1.0,3.0,3.0,2.0,2.0,7.0,8.0,7.0,7.0,5.0,7.0,7.0,6.0,7.0,8.0,3.9565217391304346,23,91.91919191919192,9.1,1.1555555555555554,90,7.590436590436591,23.403846153846153,18.5,0.0,69.31582352941177,15.648015004688965,11.872501464205799,4.1315
Tabraiz Shamsi,Unsold,0.0,397,0,1,0,1,1,bo,1.0,3.6999999999999993,12.35,16.75,5.05,6.850000000000001,1.5500000000000007,13.200000000000003,4.949999999999999,6.85,12.5,5.0,7.0,5.0,3.0,4.0,6.0,4.0,5.0,5.0,5.0,8.0,10.0,8.0,6.0,6.0,8.0,6.0,9.0,8.0,8.0,6.0,4.0,5.0,5.0,5.0,3.0,5.0,2.0,4.0,2.0,1.0,2.0,2.0,2.0,2.0,1.0,3.0,3.0,2.0,2.0,7.0,8.0,7.0,7.0,5.0,7.0,7.0,7.0,7.0,8.0,2.3,10,57.49999999999999,23.0,1.2459016393442623,61,7.271523178807946,21.67105263157895,17.88157894736842,0.0,31.99079310344828,22.83582089552239,13.701140826631756,3.822749999999999
Mujeeb Rahman,Unsold,0.0,193,0,1,0,1,1,bo,1.0,3.6999999999999993,12.35,16.75,5.05,6.850000000000001,1.5500000000000007,13.200000000000003,4.949999999999999,6.85,12.5,5.0,7.0,5.0,3.0,4.0,6.0,4.0,5.0,5.0,5.0,8.0,10.0,8.0,6.0,6.0,8.0,6.0,9.0,8.0,8.0,6.0,4.0,5.0,5.0,5.0,3.0,5.0,2.0,4.0,2.0,1.0,2.0,2.0,2.0,2.0,1.0,3.0,3.0,2.0,2.0,7.0,8.0,7.0,7.0,5.0,7.0,7.0,7.0,7.0,8.0,4.266666666666667,30,108.47457627118644,9.142857142857142,1.0810810810810811,111,6.5859375,23.416666666666668,21.333333333333332,0.0,90.24662962962964,12.678988174884026,10.205852929025298,2.509000000000001
Mayank Markande,Sunrisers Hyderabad,0.5,133,0,1,0,0,0,bo,0.5,3.6999999999999993,12.35,16.75,5.05,6.850000000000001,1.5500000000000007,13.200000000000003,4.949999999999999,6.85,12.5,5.0,7.0,5.0,3.0,4.0,6.0,4.0,5.0,5.0,5.0,8.0,10.0,8.0,6.0,6.0,8.0,6.0,9.0,8.0,8.0,6.0,4.0,5.0,5.0,5.0,3.0,5.0,2.0,4.0,2.0,1.0,2.0,2.0,2.0,2.0,1.0,3.0,3.0,2.0,2.0,7.0,8.0,7.0,7.0,5.0,7.0,7.0,7.0,7.0,8.0,5.133333333333334,15,114.92537313432835,15.4,1.027027027027027,37,7.366178428761652,24.263157894736842,19.763157894736842,0.0,49.84762500000001,0.0,19.0810461737165,0.9722500000000004
Anmolpreet Singh,Sunrisers Hyderabad,0.2,149,1,0,0,0,0,ba,0.2,3.6999999999999993,12.35,16.75,5.05,6.850000000000001,1.5500000000000007,13.200000000000003,4.949999999999999,6.85,12.0,5.0,7.0,5.0,3.0,4.0,6.0,4.0,5.0,5.0,5.0,8.0,10.0,8.0,6.0,6.0,8.0,6.0,9.0,8.0,9.0,6.0,4.0,5.0,5.0,5.0,3.0,5.0,2.0,4.0,2.0,1.0,2.0,2.0,2.0,2.0,1.0,3.0,3.0,2.0,2.0,7.0,8.0,7.0,7.0,5.0,7.0,7.0,7.0,7.0,8.0,20.31578947368421,19,119.5046439628483,22.705882352941178,0.0,0,0.0,0.0,0.0,17.868444444444446,0.0,0.0,0.0,0.28099999999999953
Chethan LR,Unsold,0.0,3887,1,0,1,0,0,wk,0.2,3.6999999999999993,12.35,16.75,5.05,6.850000000000001,1.5500000000000007,13.200000000000003,4.949999999999999,6.85,11.8,5.0,7.0,5.0,3.0,4.0,6.0,4.0,5.0,5.0,6.0,8.0,10.0,8.0,6.0,6.0,8.0,6.0,9.0,8.0,9.0,6.0,4.0,5.0,5.0,5.0,3.0,5.0,2.0,4.0,2.0,1.0,2.0,2.0,2.0,2.0,1.0,3.0,3.0,2.0,2.0,7.0,8.0,7.0,7.0,5.0,7.0,7.0,7.0,7.0,8.0,0.0,0,0.0,0.0,0.0,0,0.0,0.0,0.0,0.0,0.0,0.0,0.0,0.3343178629355679
Shubham Khajuria,Unsold,0.0,2092,1,0,0,0,0,ba,0.2,3.6999999999999993,12.35,16.75,5.05,6.850000000000001,1.5500000000000007,13.200000000000003,4.949999999999999,6.85,11.8,5.0,7.0,5.0,3.0,4.0,6.0,4.0,5.0,5.0,6.0,8.0,10.0,8.0,6.0,6.0,8.0,6.0,9.0,8.0,9.0,6.0,4.0,5.0,5.0,5.0,3.0,5.0,2.0,4.0,2.0,1.0,2.0,2.0,2.0,2.0,1.0,3.0,3.0,2.0,2.0,7.0,8.0,7.0,7.0,5.0,7.0,7.0,7.0,7.0,8.0,22.214285714285715,14,127.98353909465021,25.916666666666668,0.0,2,8.428571428571427,0.0,0.0,0.0,0.0,0.0,0.0,0.36866666666666675
Rohan Kunnummal,Unsold,0.0,2524,1,0,0,0,0,ba,0.2,3.6999999999999993,12.35,16.75,5.05,6.850000000000001,1.5500000000000007,13.200000000000003,4.949999999999999,6.85,11.8,5.0,7.0,5.0,3.0,4.0,6.0,4.0,5.0,5.0,6.0,8.0,10.0,8.0,6.0,6.0,8.0,6.0,9.0,8.0,9.0,6.0,4.0,5.0,5.0,5.0,3.0,5.0,2.0,4.0,2.0,1.0,2.0,2.0,2.0,2.0,1.0,3.0,3.0,2.0,2.0,7.0,8.0,7.0,7.0,5.0,7.0,7.0,7.0,7.0,8.0,27.0,6,114.89361702127661,32.4,0.0,0,0.0,0.0,0.0,0.0,0.0,0.0,0.0,0.5595000000000007
Shaik Rasheed,Chennai Super Kings,0.2,3435,1,0,0,0,0,ba,0.2,3.6999999999999993,12.35,16.75,5.05,6.850000000000001,1.5500000000000007,13.200000000000003,4.949999999999999,6.85,11.8,5.0,7.0,5.0,3.0,4.0,6.0,4.0,5.0,5.0,6.0,8.0,10.0,8.0,6.0,6.0,8.0,6.0,9.0,8.0,9.0,6.0,4.0,5.0,5.0,5.0,3.0,5.0,2.0,4.0,2.0,1.0,2.0,2.0,2.0,2.0,1.0,3.0,3.0,2.0,2.0,7.0,8.0,7.0,7.0,5.0,7.0,7.0,7.0,7.0,8.0,23.22222222222222,9,122.22222222222223,26.125,0.0,0,0.0,0.0,0.0,46.13254545454545,87.86985714285714,0.0,0.0,0.4890000000000003
Himmat Singh,Unsold,0.0,18,1,0,0,0,0,ba,0.2,3.499999999999999,12.35,16.75,5.05,6.850000000000001,1.5500000000000007,13.200000000000003,4.949999999999999,6.85,11.8,6.0,7.0,5.0,3.0,4.0,6.0,4.0,5.0,5.0,6.0,8.0,10.0,8.0,6.0,6.0,8.0,6.0,9.0,8.0,9.0,6.0,4.0,5.0,5.0,5.0,3.0,5.0,2.0,4.0,2.0,1.0,2.0,2.0,2.0,2.0,1.0,3.0,3.0,2.0,2.0,7.0,8.0,7.0,7.0,5.0,7.0,7.0,7.0,7.0,8.0,18.681818181818183,22,132.15434083601286,27.4,1.0,1,0.0,0.0,3.0,58.422714285714285,56.52642857142858,0.0,0.0,0.3504999999999998
Vivrant Sharma,Sunrisers Hyderabad,2.6,-1,1,1,0,0,0,ar,0.2,3.499999999999999,12.35,16.75,5.05,6.850000000000001,1.5500000000000007,13.200000000000003,4.949999999999999,6.85,11.8,6.0,7.0,5.0,3.0,4.0,6.0,4.0,5.0,5.0,6.0,8.0,10.0,8.0,6.0,6.0,8.0,6.0,9.0,8.0,9.0,6.0,4.0,5.0,5.0,5.0,3.0,5.0,2.0,4.0,2.0,1.0,2.0,2.0,2.0,2.0,1.0,3.0,3.0,2.0,2.0,7.0,8.0,7.0,7.0,5.0,7.0,7.0,7.0,7.0,8.0,0.0,0,0.0,0.0,0.0,0,0.0,0.0,0.0,0.0,0.0,0.0,0.0,0.3765245563994828
Priyam Garg,Unsold,0.0,227,1,0,0,0,0,ba,0.2,3.499999999999999,12.35,16.75,5.05,6.850000000000001,1.5500000000000007,13.200000000000003,4.949999999999999,6.85,9.200000000000001,6.0,7.0,5.0,3.0,4.0,6.0,4.0,5.0,5.0,6.0,8.0,10.0,8.0,6.0,6.0,8.0,6.0,9.0,8.0,9.0,6.0,4.0,5.0,5.0,5.0,3.0,5.0,2.0,4.0,3.0,1.0,2.0,2.0,2.0,2.0,1.0,3.0,3.0,2.0,2.0,7.0,8.0,7.0,7.0,5.0,7.0,7.0,7.0,7.0,8.0,17.956521739130434,23,121.11436950146629,20.65,0.0,0,0.0,0.0,0.0,61.24200000000001,97.31955555555557,0.0,0.0,0.31749999999999956
Samarth Vyas,Sunrisers Hyderabad,0.2,2631,1,1,0,0,0,ar,0.2,3.499999999999999,12.35,16.75,5.05,6.850000000000001,1.5500000000000007,13.200000000000003,4.949999999999999,6.85,9.200000000000001,6.0,7.0,5.0,3.0,4.0,6.0,4.0,5.0,5.0,6.0,8.0,10.0,8.0,6.0,6.0,8.0,6.0,9.0,8.0,9.0,6.0,4.0,5.0,5.0,5.0,3.0,5.0,2.0,4.0,3.0,1.0,2.0,2.0,2.0,2.0,1.0,3.0,3.0,2.0,2.0,7.0,8.0,7.0,7.0,5.0,7.0,7.0,7.0,7.0,8.0,21.416666666666668,12,140.43715846994536,25.7,0.0,0,0.0,0.0,0.0,39.354470588235294,0.0,0.0,0.0,0.36891497975708526
Saurabh Kumar,Unsold,0.0,2170,1,1,0,0,0,ar,0.2,3.499999999999999,12.35,16.75,5.05,6.850000000000001,1.5500000000000007,13.200000000000003,4.949999999999999,6.85,9.000000000000002,6.0,7.0,5.0,3.0,4.0,6.0,4.0,5.0,5.0,6.0,8.0,10.0,8.0,6.0,6.0,8.0,6.0,9.0,8.0,9.0,6.0,4.0,5.0,5.0,5.0,3.0,5.0,2.0,4.0,4.0,1.0,2.0,2.0,2.0,2.0,1.0,3.0,3.0,2.0,2.0,7.0,8.0,7.0,7.0,5.0,7.0,7.0,7.0,7.0,8.0,10.818181818181818,11,141.66666666666669,14.875,0.75,24,7.074235807860262,30.0,25.444444444444443,0.0,79.45633333333333,25.5,33.0,1.0816500000000007
Corbin Bosch,Unsold,0.0,1012,1,1,0,1,0,ar,0.2,3.499999999999999,12.35,16.75,5.05,6.850000000000001,1.5500000000000007,13.200000000000003,4.949999999999999,6.85,9.000000000000002,6.0,7.0,5.0,3.0,4.0,6.0,4.0,5.0,5.0,6.0,8.0,10.0,8.0,6.0,6.0,8.0,6.0,9.0,8.0,9.0,6.0,4.0,5.0,5.0,5.0,3.0,5.0,2.0,4.0,4.0,1.0,2.0,2.0,2.0,2.0,1.0,3.0,3.0,2.0,2.0,7.0,8.0,7.0,7.0,5.0,7.0,7.0,7.0,7.0,8.0,7.2,5,105.88235294117648,9.0,0.7,10,8.305555555555555,42.714285714285715,30.857142857142858,45.16600000000001,60.08144444444445,14.848164375283275,20.741051119358314,0.6765000000000007
Sanvir Singh,Sunrisers Hyderabad,0.2,2182,1,1,0,0,0,ar,0.2,3.499999999999999,12.35,16.75,5.05,6.850000000000001,1.5500000000000007,13.200000000000003,4.949999999999999,6.85,9.000000000000002,6.0,7.0,5.0,3.0,4.0,6.0,4.0,5.0,5.0,6.0,8.0,10.0,8.0,6.0,6.0,8.0,6.0,9.0,8.0,9.0,6.0,4.0,5.0,5.0,5.0,3.0,5.0,2.0,4.0,4.0,1.0,2.0,2.0,2.0,2.0,1.0,3.0,3.0,2.0,2.0,7.0,8.0,7.0,7.0,5.0,7.0,7.0,7.0,7.0,8.0,0.0,0,0.0,0.0,0.0,0,0.0,0.0,0.0,0.0,0.0,0.0,0.0,0.3765245563994828
Abhimanyu Easwaran,Unsold,0.0,2128,1,0,0,0,0,ba,0.2,3.499999999999999,12.35,16.75,5.05,6.850000000000001,1.5500000000000007,13.200000000000003,4.949999999999999,6.85,8.800000000000002,6.0,7.0,5.0,3.0,4.0,6.0,4.0,5.0,5.0,6.0,8.0,10.0,8.0,6.0,6.0,8.0,6.0,9.0,8.0,9.0,6.0,4.0,5.0,5.0,5.0,3.0,5.0,2.0,4.0,5.0,1.0,2.0,2.0,2.0,2.0,1.0,3.0,3.0,2.0,2.0,7.0,8.0,7.0,7.0,5.0,7.0,7.0,7.0,7.0,8.0,21.5,20,116.53116531165311,25.294117647058822,0.0,0,0.0,0.0,0.0,63.91746551724138,34.332,0.0,0.0,0.408
Nishant Sindhu,Chennai Super Kings,0.6,-1,1,1,0,0,0,ar,0.2,3.499999999999999,12.35,16.75,5.05,6.850000000000001,1.5500000000000007,13.200000000000003,4.949999999999999,6.85,8.800000000000002,6.0,7.0,5.0,3.0,4.0,6.0,4.0,5.0,5.0,6.0,8.0,10.0,8.0,6.0,6.0,8.0,6.0,9.0,8.0,9.0,6.0,4.0,5.0,5.0,5.0,3.0,5.0,2.0,4.0,5.0,1.0,2.0,2.0,2.0,2.0,1.0,3.0,3.0,2.0,2.0,7.0,8.0,7.0,7.0,5.0,7.0,7.0,7.0,7.0,8.0,0.0,0,0.0,0.0,0.0,0,0.0,0.0,0.0,0.0,0.0,0.0,0.0,0.3765245563994828
Shashank Singh,Unsold,0.0,157,1,1,0,0,0,ar,0.2,2.899999999999999,12.35,16.75,5.05,6.850000000000001,1.5500000000000007,13.200000000000003,4.949999999999999,6.85,8.800000000000002,6.0,7.0,5.0,3.0,4.0,6.0,4.0,5.0,5.0,6.0,8.0,10.0,8.0,6.0,6.0,8.0,6.0,9.0,8.0,9.0,7.0,4.0,5.0,5.0,5.0,3.0,5.0,2.0,4.0,5.0,1.0,2.0,2.0,2.0,2.0,1.0,3.0,3.0,2.0,2.0,7.0,8.0,7.0,7.0,5.0,7.0,7.0,7.0,7.0,8.0,9.23076923076923,13,107.14285714285714,10.0,0.625,8,9.1,36.4,24.0,0.0,0.0,0.0,0.0,0.23049999999999973
Sumit Kumar,Unsold,0.0,2538,1,0,1,0,0,wk,0.2,2.899999999999999,12.35,16.75,5.05,6.850000000000001,1.5500000000000007,13.200000000000003,4.949999999999999,6.85,8.800000000000002,6.0,7.0,5.0,3.0,4.0,6.0,4.0,5.0,5.0,6.0,8.0,10.0,8.0,6.0,6.0,8.0,6.0,9.0,8.0,9.0,7.0,4.0,5.0,5.0,5.0,3.0,5.0,2.0,4.0,5.0,1.0,2.0,2.0,2.0,2.0,1.0,3.0,3.0,2.0,2.0,7.0,8.0,7.0,7.0,5.0,7.0,7.0,7.0,7.0,8.0,19.0,4,101.33333333333334,19.0,0.0,0,0.0,0.0,0.0,0.0,0.0,0.0,0.0,0.2614999999999997
N Jagadeesan,Kolkata Knight Riders,0.9,43,1,0,1,0,0,wk,0.2,2.899999999999999,12.35,16.75,5.05,6.850000000000001,1.5500000000000007,13.200000000000003,4.949999999999999,6.85,8.800000000000002,6.0,7.0,5.0,3.0,4.0,6.0,4.0,5.0,5.0,6.0,8.0,10.0,8.0,6.0,6.0,8.0,6.0,9.0,8.0,9.0,7.0,4.0,5.0,5.0,5.0,3.0,5.0,2.0,4.0,5.0,1.0,2.0,2.0,2.0,2.0,1.0,3.0,3.0,2.0,2.0,7.0,8.0,7.0,7.0,5.0,7.0,7.0,7.0,7.0,8.0,30.62857142857143,35,130.89133089133088,46.608695652173914,0.0,0,0.0,0.0,0.0,192.17617647058825,166.23658064516133,0.0,0.0,1.9524999999999995
KS Bharat,Gujarat Titans,1.2,2159,1,0,1,0,1,wk,0.2,2.899999999999999,12.35,16.75,4.1499999999999995,6.850000000000001,1.5500000000000007,13.200000000000003,4.949999999999999,6.85,8.800000000000002,6.0,7.0,5.0,3.0,4.0,6.0,4.0,5.0,5.0,6.0,8.0,10.0,8.0,6.0,6.0,8.0,6.0,9.0,8.0,9.0,7.0,4.0,5.0,5.0,5.0,3.0,5.0,2.0,4.0,5.0,1.0,2.0,2.0,3.0,2.0,1.0,3.0,3.0,2.0,2.0,7.0,8.0,7.0,7.0,5.0,7.0,7.0,7.0,7.0,8.0,19.894736842105264,19,125.5813953488372,23.625,0.0,0,0.0,0.0,0.0,70.08184210526315,0.0,0.0,0.0,0.3089999999999996
Upendra Singh Rawat,Sunrisers Hyderabad,0.25,2225,1,0,1,0,0,wk,0.2,2.899999999999999,12.35,15.55,4.1499999999999995,6.850000000000001,1.5500000000000007,13.200000000000003,4.949999999999999,6.85,8.800000000000002,6.0,7.0,5.0,3.0,4.0,6.0,4.0,5.0,5.0,6.0,8.0,10.0,8.0,6.0,6.0,8.0,6.0,9.0,8.0,9.0,7.0,4.0,5.0,5.0,5.0,3.0,5.0,2.0,4.0,5.0,1.0,2.0,3.0,3.0,2.0,1.0,3.0,3.0,2.0,2.0,7.0,8.0,7.0,7.0,5.0,7.0,7.0,7.0,7.0,8.0,22.928571428571427,14,122.05323193916351,26.75,0.0,0,0.0,0.0,0.0,57.944086956521744,38.402,0.0,0.0,0.44800000000000023
Mohammad Azharuddeen,Unsold,0.0,2421,1,0,1,0,0,wk,0.2,2.899999999999999,12.35,15.55,4.1499999999999995,6.850000000000001,1.5500000000000007,13.200000000000003,4.949999999999999,6.85,8.550000000000002,6.0,7.0,5.0,3.0,4.0,6.0,4.0,5.0,5.0,6.0,8.0,10.0,8.0,6.0,6.0,8.0,6.0,9.0,8.0,9.0,7.0,4.0,5.0,5.0,5.0,3.0,5.0,2.0,4.0,5.0,1.0,2.0,3.0,3.0,2.0,1.0,3.0,3.0,2.0,3.0,7.0,8.0,7.0,7.0,5.0,7.0,7.0,7.0,7.0,8.0,23.642857142857142,14,170.6185567010309,25.46153846153846,0.0,0,0.0,0.0,0.0,155.0475,90.74766666666667,0.0,0.0,0.6135000000000012
Vaibhav Arora,Kolkata Knight Riders,0.6,2829,0,1,0,0,0,bo,0.2,2.899999999999999,12.35,15.55,4.1499999999999995,6.850000000000001,1.5500000000000007,13.200000000000003,4.949999999999999,6.85,8.550000000000002,6.0,7.0,5.0,3.0,4.0,6.0,4.0,5.0,5.0,6.0,8.0,10.0,8.0,6.0,6.0,8.0,6.0,9.0,8.0,9.0,7.0,4.0,5.0,5.0,5.0,3.0,5.0,2.0,4.0,5.0,1.0,2.0,3.0,3.0,2.0,1.0,3.0,3.0,2.0,3.0,7.0,8.0,7.0,7.0,5.0,7.0,7.0,7.0,7.0,8.0,0.0,2,0.0,0.0,2.0,5,6.803571428571429,12.7,11.2,0.0,0.0,4.465723612622416,0.0,0.21691865079365055
Yash Thakur,Lucknow Supergiants,0.45,2472,0,1,0,0,0,bo,0.2,2.899999999999999,12.35,15.55,3.5499999999999994,6.850000000000001,1.5500000000000007,13.200000000000003,4.949999999999999,6.85,8.550000000000002,6.0,7.0,5.0,3.0,4.0,6.0,4.0,5.0,5.0,6.0,8.0,10.0,8.0,7.0,6.0,8.0,6.0,9.0,8.0,9.0,7.0,4.0,5.0,5.0,5.0,3.0,5.0,2.0,4.0,5.0,1.0,2.0,3.0,3.0,2.0,1.0,3.0,3.0,2.0,3.0,7.0,8.0,7.0,7.0,5.0,7.0,7.0,7.0,7.0,8.0,2.4,10,60.0,12.0,1.4210526315789473,19,6.591549295774648,14.444444444444445,13.148148148148149,0.0,35.902,9.36129418813661,5.8235294117647065,0.23799999999999966
KM Asif,Rajasthan Royals,0.3,4,0,1,0,0,0,bo,0.2,2.899999999999999,12.35,15.55,3.5499999999999994,6.400000000000001,1.5500000000000007,13.200000000000003,4.949999999999999,6.85,8.550000000000002,6.0,7.0,5.0,3.0,4.0,6.0,4.0,5.0,5.0,6.0,8.0,10.0,8.0,7.0,7.0,8.0,6.0,9.0,8.0,9.0,7.0,4.0,5.0,5.0,5.0,3.0,5.0,2.0,4.0,5.0,1.0,2.0,3.0,3.0,2.0,1.0,3.0,3.0,2.0,3.0,7.0,8.0,7.0,7.0,5.0,7.0,7.0,7.0,7.0,8.0,0.3333333333333333,3,33.33333333333333,1.0,1.1333333333333333,15,8.0,22.11764705882353,16.58823529411765,0.0,0.0,10.033277870216306,15.26565394590589,0.20299999999999963
Mujtaba Yousuf,Unsold,0.0,2253,0,1,0,0,0,bo,0.2,2.899999999999999,12.35,15.55,3.5499999999999994,6.400000000000001,1.5500000000000007,13.200000000000003,4.6499999999999995,6.85,8.550000000000002,6.0,7.0,5.0,3.0,4.0,6.0,4.0,5.0,5.0,6.0,8.0,10.0,8.0,7.0,7.0,8.0,6.0,10.0,8.0,9.0,7.0,4.0,5.0,5.0,5.0,3.0,5.0,2.0,4.0,5.0,1.0,2.0,3.0,3.0,2.0,1.0,3.0,3.0,2.0,3.0,7.0,8.0,7.0,7.0,5.0,7.0,7.0,7.0,7.0,8.0,0.0,1,0.0,0.0,0.7777777777777778,9,7.483870967741936,33.142857142857146,26.571428571428573,0.0,0.0,0.0,0.0,0.2518651785714284
Lance Morris,Unsold,0.0,825,0,1,0,1,0,bo,0.3,2.899999999999999,12.35,15.55,3.5499999999999994,6.400000000000001,1.5500000000000007,13.200000000000003,4.6499999999999995,6.85,8.550000000000002,6.0,7.0,5.0,3.0,4.0,6.0,4.0,5.0,5.0,6.0,8.0,10.0,8.0,7.0,7.0,8.0,6.0,10.0,8.0,9.0,7.0,4.0,5.0,5.0,5.0,3.0,5.0,2.0,4.0,5.0,1.0,2.0,3.0,3.0,2.0,1.0,3.0,3.0,2.0,3.0,7.0,8.0,7.0,7.0,5.0,7.0,7.0,7.0,7.0,8.0,2.0,1,33.33333333333333,2.0,0.14285714285714285,7,12.0,156.0,78.0,0.0,11.749333333333334,27.000000000000004,17.817655571635314,2.7413333333333325
Shivam Mavi,Gujarat Titans,6.0,80,1,1,0,0,0,ar,0.4,2.899999999999999,12.35,15.55,3.5499999999999994,6.400000000000001,1.5500000000000007,13.200000000000003,4.6499999999999995,6.85,8.550000000000002,6.0,7.0,5.0,3.0,4.0,6.0,4.0,5.0,5.0,6.0,8.0,10.0,8.0,7.0,7.0,8.0,6.0,10.0,8.0,9.0,7.0,4.0,5.0,5.0,5.0,3.0,5.0,2.0,4.0,5.0,1.0,2.0,3.0,3.0,2.0,1.0,3.0,3.0,2.0,3.0,7.0,8.0,7.0,7.0,5.0,7.0,7.0,7.0,7.0,8.0,3.0,8,70.58823529411765,4.0,0.7,20,9.015625,41.214285714285715,27.428571428571427,0.0,38.70055172413794,17.38753633236447,15.220335280947962,5.3050000000000015
Mukesh Kumar,Delhi Capitals,5.5,2136,0,1,0,0,1,bo,0.2,2.899999999999999,12.35,9.55,3.5499999999999994,6.400000000000001,1.5500000000000007,13.200000000000003,4.6499999999999995,6.85,8.550000000000002,6.0,7.0,5.0,3.0,4.0,6.0,4.0,5.0,5.0,6.0,8.0,10.0,8.0,7.0,7.0,8.0,6.0,10.0,8.0,9.0,7.0,4.0,6.0,5.0,5.0,3.0,5.0,2.0,4.0,5.0,1.0,2.0,3.0,3.0,2.0,1.0,3.0,3.0,2.0,3.0,7.0,8.0,7.0,7.0,5.0,7.0,7.0,7.0,7.0,8.0,2.8,10,103.7037037037037,9.333333333333334,0.9444444444444444,18,6.535980148883374,25.823529411764707,23.705882352941178,0.0,49.053,14.541087231352718,11.080779944289693,0.2428166666666664
Chintan Gandhi,Unsold,0.0,2800,0,1,0,0,0,bo,0.2,2.899999999999999,6.85,9.55,3.5499999999999994,6.400000000000001,1.5500000000000007,13.200000000000003,4.6499999999999995,6.85,8.550000000000002,6.0,7.0,5.0,3.0,4.0,6.0,4.0,5.0,5.0,6.0,8.0,11.0,8.0,7.0,7.0,8.0,6.0,10.0,8.0,9.0,7.0,4.0,6.0,5.0,5.0,3.0,5.0,2.0,4.0,5.0,1.0,2.0,3.0,3.0,2.0,1.0,3.0,3.0,2.0,3.0,7.0,8.0,7.0,7.0,5.0,7.0,7.0,7.0,7.0,8.0,0.0,0,0.0,0.0,0.6666666666666666,3,6.25,25.0,24.0,0.0,0.0,0.0,0.0,0.2827593073593071
Murugan Ashwin,Rajasthan Royals,0.2,189,0,1,0,0,0,bo,0.2,2.899999999999999,6.85,9.55,3.5499999999999994,6.400000000000001,1.5500000000000007,13.200000000000003,4.6499999999999995,6.85,8.550000000000002,6.0,7.0,5.0,3.0,4.0,6.0,4.0,5.0,5.0,6.0,8.0,11.0,8.0,7.0,7.0,8.0,6.0,10.0,8.0,9.0,7.0,4.0,6.0,5.0,5.0,3.0,5.0,2.0,4.0,5.0,1.0,2.0,3.0,3.0,2.0,1.0,3.0,3.0,2.0,3.0,7.0,8.0,7.0,7.0,5.0,7.0,7.0,7.0,7.0,8.0,9.833333333333334,24,101.72413793103448,18.153846153846153,0.95,60,7.163461538461538,26.140350877192983,21.894736842105264,17.106,103.81920987654321,30.6,10.4,1.5200833333333312
Shreyas Gopal,Unsold,0.0,196,0,1,0,0,0,bo,0.2,2.899999999999999,6.85,9.55,3.5499999999999994,6.400000000000001,1.5500000000000007,13.200000000000003,4.449999999999999,6.85,8.550000000000002,6.0,7.0,5.0,3.0,4.0,6.0,4.0,5.0,5.0,6.0,8.0,11.0,8.0,7.0,7.0,8.0,6.0,11.0,8.0,9.0,7.0,4.0,6.0,5.0,5.0,3.0,5.0,2.0,4.0,5.0,1.0,2.0,3.0,3.0,2.0,1.0,3.0,3.0,2.0,3.0,7.0,8.0,7.0,7.0,5.0,7.0,7.0,7.0,7.0,8.0,10.413793103448276,29,116.60231660231659,13.727272727272727,1.2285714285714286,70,7.175792507204612,19.302325581395348,16.13953488372093,36.45533333333333,105.88688349514564,11.136690647482014,11.77570093457944,1.11
S Midhun,Unsold,0.0,156,0,1,0,0,0,bo,0.2,2.899999999999999,6.85,9.55,3.5499999999999994,6.400000000000001,1.5500000000000007,13.200000000000003,4.449999999999999,6.85,8.550000000000002,6.0,7.0,5.0,3.0,4.0,6.0,4.0,5.0,5.0,6.0,8.0,11.0,8.0,7.0,7.0,8.0,6.0,11.0,8.0,9.0,7.0,4.0,6.0,5.0,5.0,3.0,5.0,2.0,4.0,5.0,1.0,2.0,3.0,3.0,2.0,1.0,3.0,3.0,2.0,3.0,7.0,8.0,7.0,7.0,5.0,7.0,7.0,7.0,7.0,8.0,3.2857142857142856,7,104.54545454545455,5.75,0.875,16,7.0828402366863905,28.5,24.142857142857142,0.0,0.0,0.0,21.0,0.2950666666666665
Himanshu Sharma,Royal Challengers Bangalore,0.2,-1,0,1,0,0,0,bo,0.2,2.899999999999999,6.85,9.55,3.5499999999999994,6.400000000000001,1.5500000000000007,13.200000000000003,4.449999999999999,6.85,8.550000000000002,6.0,7.0,5.0,3.0,4.0,6.0,4.0,5.0,5.0,6.0,8.0,11.0,8.0,7.0,7.0,8.0,6.0,11.0,8.0,9.0,7.0,4.0,6.0,5.0,5.0,3.0,5.0,2.0,4.0,5.0,1.0,2.0,3.0,3.0,2.0,1.0,3.0,3.0,2.0,3.0,7.0,8.0,7.0,7.0,5.0,7.0,7.0,7.0,7.0,8.0,0.0,0,0.0,0.0,0.0,0,0.0,0.0,0.0,0.0,0.0,0.0,0.0,0.36507809690309684
Paul Stirling,Unsold,0.0,331,1,1,0,1,1,ar,0.5,2.899999999999999,6.85,9.55,3.5499999999999994,6.400000000000001,1.5500000000000007,13.200000000000003,4.449999999999999,6.6499999999999995,8.550000000000002,6.0,7.0,5.0,3.0,4.0,6.0,4.0,5.0,5.0,6.0,8.0,11.0,8.0,7.0,7.0,8.0,6.0,11.0,9.0,9.0,7.0,4.0,6.0,5.0,5.0,3.0,5.0,2.0,4.0,5.0,1.0,2.0,3.0,3.0,2.0,1.0,3.0,3.0,2.0,3.0,7.0,8.0,7.0,7.0,5.0,7.0,7.0,7.0,7.0,8.0,24.40740740740741,54,145.15418502202644,24.867924528301888,0.5833333333333334,24,8.675958188153311,29.642857142857142,20.5,595.9658566899176,63.434000000000005,16.957340562134398,15.739910313901344,2.690791666666667
Manish Pandey,Delhi Capitals,2.4,62,1,0,0,0,1,ba,1.0,2.899999999999999,6.85,9.55,3.5499999999999994,6.400000000000001,1.5500000000000007,13.200000000000003,4.449999999999999,6.6499999999999995,8.550000000000002,6.0,7.0,5.0,3.0,4.0,6.0,4.0,5.0,5.0,6.0,8.0,11.0,8.0,7.0,7.0,8.0,6.0,11.0,9.0,9.0,7.0,4.0,6.0,5.0,5.0,3.0,5.0,2.0,4.0,5.0,1.0,2.0,3.0,3.0,2.0,1.0,3.0,3.0,2.0,3.0,7.0,8.0,7.0,7.0,5.0,7.0,7.0,7.0,7.0,8.0,27.69047619047619,84,138.61740166865314,43.074074074074076,0.0,0,0.0,0.0,0.0,247.33255772357722,318.31185714285715,0.0,0.0,4.120833333333338
Rassie van der Dussen,Unsold,0.0,402,1,0,0,1,1,ba,1.0,2.899999999999999,4.449999999999999,9.55,3.5499999999999994,6.400000000000001,1.5500000000000007,13.200000000000003,4.449999999999999,6.6499999999999995,8.550000000000002,6.0,8.0,5.0,3.0,4.0,6.0,4.0,5.0,5.0,6.0,8.0,11.0,8.0,7.0,7.0,8.0,6.0,11.0,9.0,9.0,7.0,4.0,6.0,5.0,5.0,3.0,5.0,2.0,4.0,5.0,1.0,2.0,3.0,3.0,2.0,1.0,3.0,3.0,2.0,3.0,7.0,8.0,7.0,7.0,5.0,7.0,7.0,7.0,7.0,8.0,32.26470588235294,68,134.84941610325754,43.01960784313726,0.0,0,0.0,0.0,0.0,264.74891734052113,360.39657309941526,0.0,0.0,1.9554999999999998
Sherfane Rutherford,Unsold,0.0,125,1,1,0,1,1,ar,1.0,2.899999999999999,4.449999999999999,9.55,3.5499999999999994,6.400000000000001,1.5500000000000007,13.200000000000003,4.449999999999999,6.6499999999999995,8.550000000000002,6.0,8.0,5.0,3.0,4.0,6.0,4.0,5.0,5.0,6.0,8.0,11.0,8.0,7.0,7.0,8.0,6.0,11.0,9.0,9.0,7.0,4.0,6.0,5.0,5.0,3.0,5.0,2.0,4.0,5.0,1.0,2.0,3.0,3.0,2.0,1.0,3.0,3.0,2.0,3.0,7.0,8.0,7.0,7.0,5.0,7.0,7.0,7.0,7.0,8.0,15.533333333333333,45,133.3969465648855,17.923076923076923,0.5714285714285714,21,7.986062717770034,31.833333333333332,23.916666666666668,136.14710714285715,209.67128260869566,12.14723926380368,12.112304387849031,2.2453333333333334
Will Jacks,Royal Challengers Bangalore,3.2,854,1,1,0,1,1,ar,1.5,2.899999999999999,4.449999999999999,9.55,3.5499999999999994,6.400000000000001,1.5500000000000007,13.200000000000003,4.449999999999999,6.6499999999999995,8.550000000000002,6.0,8.0,5.0,3.0,4.0,6.0,4.0,5.0,5.0,6.0,8.0,11.0,8.0,7.0,7.0,8.0,6.0,11.0,9.0,9.0,7.0,4.0,6.0,5.0,5.0,3.0,5.0,2.0,4.0,5.0,1.0,2.0,3.0,3.0,2.0,1.0,3.0,3.0,2.0,3.0,7.0,8.0,7.0,7.0,5.0,7.0,7.0,7.0,7.0,8.0,20.0,38,144.76190476190476,21.714285714285715,0.8235294117647058,17,7.220338983050847,20.285714285714285,16.857142857142858,274.26548825647177,111.11902127659575,10.585679806918744,36.0,5.231696428571427
Travis Head,Unsold,0.0,378,1,1,0,1,1,ar,2.0,2.899999999999999,4.449999999999999,9.55,3.5499999999999994,6.400000000000001,1.5500000000000007,13.200000000000003,4.449999999999999,3.4499999999999993,8.550000000000002,6.0,8.0,5.0,3.0,4.0,6.0,4.0,5.0,5.0,6.0,8.0,11.0,8.0,7.0,7.0,8.0,6.0,11.0,9.0,9.0,7.0,4.0,6.0,5.0,5.0,3.0,5.0,2.0,5.0,5.0,1.0,2.0,3.0,3.0,2.0,1.0,3.0,3.0,2.0,3.0,7.0,8.0,7.0,7.0,5.0,7.0,7.0,7.0,8.0,8.0,29.34285714285714,35,127.7363184079602,34.233333333333334,0.5555555555555556,18,8.558823529411764,29.1,20.4,236.1785,105.35373033707867,17.138600451467266,24.0,6.03
Mandeep Singh,Kolkata Knight Riders,0.5,162,1,0,0,0,0,ba,0.5,2.899999999999999,4.449999999999999,9.55,3.5499999999999994,6.400000000000001,1.5500000000000007,13.200000000000003,4.449999999999999,3.4499999999999993,8.550000000000002,6.0,8.0,5.0,3.0,4.0,6.0,4.0,5.0,5.0,6.0,8.0,11.0,8.0,7.0,7.0,8.0,6.0,11.0,9.0,9.0,7.0,4.0,6.0,5.0,5.0,3.0,5.0,2.0,5.0,5.0,1.0,2.0,3.0,3.0,2.0,1.0,3.0,3.0,2.0,3.0,7.0,8.0,7.0,7.0,5.0,7.0,7.0,7.0,8.0,8.0,23.98181818181818,55,139.57671957671957,35.648648648648646,0.2222222222222222,9,9.153846153846153,59.5,39.0,89.07808695652176,232.18996226415095,0.0,0.0,2.0889999999999986
Dawid Malan,Unsold,0.0,385,1,1,0,1,1,ar,1.0,2.899999999999999,4.449999999999999,9.55,3.0499999999999994,6.400000000000001,1.5500000000000007,13.200000000000003,4.449999999999999,3.4499999999999993,8.550000000000002,6.0,8.0,5.0,4.0,4.0,6.0,4.0,5.0,5.0,6.0,8.0,11.0,8.0,7.0,7.0,8.0,6.0,11.0,9.0,9.0,7.0,4.0,6.0,5.0,5.0,3.0,5.0,2.0,5.0,5.0,1.0,2.0,3.0,3.0,2.0,1.0,3.0,3.0,2.0,3.0,7.0,8.0,7.0,7.0,5.0,7.0,7.0,7.0,8.0,8.0,27.5125,80,128.33819241982508,30.15068493150685,0.16666666666666666,12,8.352,87.0,62.5,480.9660193965517,212.8783409090909,0.0,8.808510638297872,2.2418333333333336
Romaria Shepherd,Lucknow Supergiants,0.5,543,1,1,0,1,1,ar,0.5,2.899999999999999,4.449999999999999,9.55,3.0499999999999994,6.400000000000001,1.5500000000000007,13.200000000000003,4.449999999999999,3.4499999999999993,8.550000000000002,6.0,8.0,5.0,4.0,4.0,6.0,4.0,5.0,5.0,6.0,8.0,11.0,8.0,7.0,7.0,8.0,6.0,11.0,9.0,9.0,7.0,4.0,6.0,5.0,5.0,3.0,5.0,2.0,5.0,5.0,1.0,2.0,3.0,3.0,2.0,1.0,3.0,3.0,2.0,3.0,7.0,8.0,7.0,7.0,5.0,7.0,7.0,7.0,8.0,8.0,9.88888888888889,9,158.92857142857142,17.8,1.1904761904761905,21,8.235,21.96,16.0,0.0,99.63285714285715,11.266917293233083,10.026941362916006,1.678583333333333
Daryl Mitchell,Unsold,0.0,500,1,1,0,1,1,ar,0.75,2.899999999999999,4.449999999999999,9.55,3.0499999999999994,5.900000000000001,1.5500000000000007,13.200000000000003,4.449999999999999,3.4499999999999993,8.550000000000002,6.0,8.0,5.0,4.0,4.0,6.0,4.0,5.0,5.0,6.0,8.0,11.0,8.0,7.0,7.0,8.0,6.0,11.0,9.0,9.0,7.0,4.0,6.0,5.0,6.0,3.0,5.0,2.0,5.0,5.0,1.0,2.0,3.0,3.0,2.0,1.0,3.0,3.0,2.0,3.0,7.0,8.0,7.0,7.0,6.0,7.0,7.0,7.0,8.0,8.0,18.933333333333334,30,134.59715639810426,28.4,0.9032258064516129,31,8.498886414253898,22.714285714285715,16.035714285714285,45.09623529411765,133.66386046511627,15.230769230769232,10.295670538542767,1.0905000000000005
Daniel Sams,Lucknow Supergiants,0.75,208,1,1,0,1,1,ar,1.0,2.899999999999999,4.449999999999999,9.55,3.0499999999999994,5.900000000000001,1.5500000000000007,13.200000000000003,4.449999999999999,3.4499999999999993,8.550000000000002,6.0,8.0,5.0,4.0,4.0,6.0,4.0,5.0,5.0,6.0,8.0,11.0,8.0,7.0,7.0,8.0,6.0,11.0,9.0,9.0,7.0,4.0,6.0,5.0,6.0,3.0,5.0,2.0,5.0,5.0,1.0,2.0,3.0,3.0,2.0,1.0,3.0,3.0,2.0,3.0,7.0,8.0,7.0,7.0,6.0,7.0,7.0,7.0,8.0,8.0,10.688888888888888,45,145.31722054380666,14.147058823529411,1.3148148148148149,54,8.427906976744186,21.267605633802816,15.140845070422536,47.61155555555556,205.44123762376242,13.843863393810032,11.401830452834501,2.6518333333333315
Mohammad Nabi,Unsold,0.0,75,1,1,0,1,1,ar,1.0,2.899999999999999,4.449999999999999,9.55,3.0499999999999994,5.150000000000001,1.5500000000000007,13.200000000000003,4.449999999999999,3.4499999999999993,8.550000000000002,6.0,8.0,5.0,4.0,4.0,6.0,4.0,5.0,5.0,6.0,8.0,11.0,8.0,7.0,7.0,8.0,6.0,11.0,9.0,9.0,7.0,4.0,6.0,5.0,7.0,3.0,5.0,2.0,5.0,5.0,1.0,2.0,3.0,3.0,2.0,1.0,3.0,3.0,2.0,3.0,7.0,8.0,7.0,7.0,7.0,7.0,7.0,7.0,8.0,8.0,19.42718446601942,103,136.96098562628336,24.10843373493976,0.7913043478260869,115,6.9688929551692596,27.9010989010989,24.021978021978022,138.24142105263155,455.8076989247312,12.847058823529412,11.623766866991721,4.181374999999999
Wayne Parnell,Unsold,0.0,1041,0,1,0,1,1,bo,0.75,2.899999999999999,4.449999999999999,9.55,3.0499999999999994,5.150000000000001,1.5500000000000007,13.200000000000003,4.449999999999999,3.4499999999999993,8.550000000000002,6.0,8.0,5.0,4.0,4.0,6.0,4.0,5.0,5.0,6.0,8.0,11.0,8.0,7.0,7.0,8.0,6.0,11.0,9.0,9.0,7.0,4.0,6.0,5.0,7.0,3.0,5.0,2.0,5.0,5.0,1.0,2.0,3.0,3.0,2.0,1.0,3.0,3.0,2.0,3.0,7.0,8.0,7.0,7.0,7.0,7.0,7.0,7.0,8.0,8.0,13.26923076923077,26,130.18867924528303,18.157894736842106,1.0588235294117647,34,8.466257668711657,25.555555555555557,18.11111111111111,72.93634117647059,122.68809756097562,15.731956740319298,10.54096466151694,1.5650000000000006
Jimmy Neesham,Unsold,0.0,211,1,1,0,1,1,ar,2.0,2.899999999999999,4.449999999999999,9.55,3.0499999999999994,5.150000000000001,1.5500000000000007,13.200000000000003,4.449999999999999,3.4499999999999993,8.550000000000002,6.0,8.0,5.0,4.0,4.0,6.0,4.0,5.0,5.0,6.0,8.0,11.0,8.0,7.0,7.0,8.0,6.0,11.0,9.0,9.0,7.0,4.0,6.0,5.0,7.0,3.0,5.0,2.0,5.0,5.0,1.0,2.0,3.0,3.0,2.0,1.0,3.0,3.0,2.0,3.0,7.0,8.0,7.0,7.0,7.0,7.0,7.0,7.0,8.0,8.0,17.341463414634145,41,140.79207920792078,24.517241379310345,1.125,48,9.696055684454755,25.796296296296298,15.962962962962964,77.667,186.4536560509554,17.916300156937208,10.644217789110545,3.4219999999999997
Dasun Shanaka,Unsold,0.0,517,1,1,0,1,1,ar,0.5,2.899999999999999,4.449999999999999,9.55,3.0499999999999994,5.150000000000001,1.5500000000000007,13.200000000000003,4.449999999999999,3.4499999999999993,8.550000000000002,6.0,8.0,5.0,4.0,4.0,6.0,4.0,5.0,5.0,6.0,8.0,11.0,8.0,7.0,7.0,8.0,6.0,11.0,9.0,9.0,7.0,4.0,6.0,5.0,7.0,3.0,5.0,2.0,5.0,5.0,1.0,2.0,3.0,3.0,2.0,1.0,3.0,3.0,2.0,3.0,7.0,8.0,7.0,7.0,7.0,7.0,7.0,7.0,8.0,8.0,23.340425531914892,47,150.6868131868132,30.47222222222222,0.5555555555555556,27,9.23835616438356,37.46666666666667,24.333333333333332,87.97591489361702,313.224,28.235294117647058,14.315302634224814,2.938499999999999
Riley Mredith,Unsold,0.0,388,0,1,0,1,1,bo,1.5,2.899999999999999,4.449999999999999,9.55,3.0499999999999994,5.150000000000001,1.5500000000000007,13.200000000000003,4.449999999999999,3.4499999999999993,8.550000000000002,6.0,8.0,5.0,4.0,4.0,6.0,4.0,5.0,5.0,6.0,8.0,11.0,8.0,7.0,7.0,8.0,6.0,11.0,9.0,9.0,7.0,4.0,6.0,5.0,7.0,3.0,5.0,2.0,5.0,5.0,1.0,2.0,3.0,3.0,2.0,1.0,3.0,3.0,2.0,3.0,7.0,8.0,7.0,7.0,7.0,7.0,7.0,7.0,8.0,8.0,1.5,6,69.23076923076923,1.8,1.2647058823529411,34,8.063492063492063,23.627906976744185,17.58139534883721,0.0,25.736666666666668,13.947905551809688,12.108604305384961,7.111166666666667
Sandeep Sharma,Unsold,0.0,71,0,1,0,0,0,bo,0.5,2.899999999999999,4.449999999999999,9.55,3.0499999999999994,5.150000000000001,1.5500000000000007,13.200000000000003,4.449999999999999,3.4499999999999993,8.550000000000002,6.0,8.0,5.0,4.0,4.0,6.0,4.0,5.0,5.0,6.0,8.0,11.0,8.0,7.0,7.0,8.0,6.0,11.0,9.0,9.0,7.0,4.0,6.0,5.0,7.0,3.0,5.0,2.0,5.0,5.0,1.0,2.0,3.0,3.0,2.0,1.0,3.0,3.0,2.0,3.0,7.0,8.0,7.0,7.0,7.0,7.0,7.0,7.0,8.0,8.0,2.3125,16,78.72340425531915,7.4,1.0338983050847457,59,7.467987804878049,26.770491803278688,21.508196721311474,0.0,37.73,14.60984692558803,10.425843740324078,0.7460000000000001
Taskin Ahmed,Unsold,0.0,444,0,1,0,1,1,bo,0.5,2.899999999999999,4.449999999999999,9.55,3.0499999999999994,5.150000000000001,1.5500000000000007,13.200000000000003,4.449999999999999,3.4499999999999993,8.550000000000002,6.0,8.0,5.0,4.0,4.0,6.0,4.0,5.0,5.0,6.0,8.0,11.0,8.0,7.0,7.0,8.0,6.0,11.0,9.0,9.0,7.0,4.0,6.0,5.0,7.0,3.0,5.0,2.0,5.0,5.0,1.0,2.0,3.0,3.0,2.0,1.0,3.0,3.0,2.0,3.0,7.0,8.0,7.0,7.0,7.0,7.0,7.0,7.0,8.0,8.0,3.9473684210526314,19,98.68421052631578,6.818181818181818,1.3170731707317074,41,8.97497020262217,23.24074074074074,15.537037037037036,0.0,80.91127272727275,14.917831701649462,13.309226212751396,2.2114833333333332
Dushmantha Chameera,Unsold,0.0,286,0,1,0,1,1,bo,0.5,2.899999999999999,4.449999999999999,9.55,3.0499999999999994,5.150000000000001,1.5500000000000007,13.200000000000003,4.449999999999999,3.4499999999999993,8.550000000000002,6.0,8.0,5.0,4.0,4.0,6.0,4.0,5.0,5.0,6.0,8.0,11.0,8.0,7.0,7.0,8.0,6.0,11.0,9.0,9.0,7.0,4.0,6.0,5.0,7.0,3.0,5.0,2.0,5.0,5.0,1.0,2.0,3.0,3.0,2.0,1.0,3.0,3.0,2.0,3.0,7.0,8.0,7.0,7.0,7.0,7.0,7.0,7.0,8.0,8.0,7.4,5,94.87179487179486,9.25,1.0,13,9.03202846975089,32.53846153846154,21.615384615384617,0.0,49.4223870967742,14.910178037570835,16.443851742849258,1.5275000000000007
Blessing Muzarabani,Unsold,0.0,344,0,1,0,1,1,bo,0.5,2.899999999999999,4.449999999999999,9.55,3.0499999999999994,5.150000000000001,1.5500000000000007,13.200000000000003,4.449999999999999,3.4499999999999993,8.550000000000002,6.0,8.0,5.0,4.0,4.0,6.0,4.0,5.0,5.0,6.0,8.0,11.0,8.0,7.0,7.0,8.0,6.0,11.0,9.0,9.0,7.0,4.0,6.0,5.0,7.0,3.0,5.0,2.0,5.0,5.0,1.0,2.0,3.0,3.0,2.0,1.0,3.0,3.0,2.0,3.0,7.0,8.0,7.0,7.0,7.0,7.0,7.0,7.0,8.0,8.0,2.5,6,62.5,7.5,1.2727272727272727,11,8.510460251046025,24.214285714285715,17.071428571428573,0.0,36.76782608695652,16.45112306232205,14.10191082802548,2.2605833333333334
Kyle Jamieson,Chennai Super Kings,1.0,640,1,1,0,1,1,ar,2.0,2.899999999999999,4.449999999999999,9.55,3.0499999999999994,5.150000000000001,1.5500000000000007,13.200000000000003,4.449999999999999,3.4499999999999993,8.550000000000002,6.0,8.0,5.0,4.0,4.0,6.0,4.0,5.0,5.0,6.0,8.0,11.0,8.0,7.0,7.0,8.0,6.0,11.0,9.0,9.0,7.0,4.0,6.0,5.0,7.0,3.0,5.0,2.0,5.0,5.0,1.0,2.0,3.0,3.0,2.0,1.0,3.0,3.0,2.0,3.0,7.0,8.0,7.0,7.0,7.0,7.0,7.0,7.0,8.0,8.0,12.571428571428571,14,143.08943089430895,25.142857142857142,1.5161290322580645,31,7.852941176470589,18.93617021276596,14.46808510638298,0.0,126.7337752808989,11.591075220160814,10.050509424931052,9.966000000000001
Piyush Chawla,Mumbai Indians,0.5,92,0,1,0,0,1,bo,1.0,1.899999999999999,4.449999999999999,9.55,3.0499999999999994,5.150000000000001,1.5500000000000007,13.200000000000003,4.449999999999999,3.4499999999999993,8.550000000000002,6.0,8.0,5.0,4.0,4.0,6.0,4.0,5.0,5.0,6.0,8.0,11.0,8.0,7.0,7.0,8.0,6.0,11.0,9.0,9.0,8.0,4.0,6.0,5.0,7.0,3.0,5.0,2.0,5.0,5.0,1.0,2.0,3.0,3.0,2.0,1.0,3.0,3.0,2.0,3.0,8.0,8.0,7.0,7.0,7.0,7.0,7.0,7.0,8.0,8.0,9.448275862068966,29,137.68844221105527,13.047619047619047,1.1016949152542372,59,7.585365853658536,23.923076923076923,18.923076923076923,0.0,62.61741666666668,15.916490002204773,13.377955493741307,2.4826666666666695
Amit Mishra,Lucknow Supergiants,0.5,147,0,1,0,1,1,bo,0.5,1.899999999999999,4.449999999999999,9.55,3.0499999999999994,5.150000000000001,1.0500000000000007,13.200000000000003,4.449999999999999,3.4499999999999993,8.550000000000002,6.0,8.0,5.0,4.0,4.0,6.0,4.0,5.0,5.0,6.0,8.0,11.0,8.0,7.0,7.0,9.0,6.0,11.0,9.0,9.0,8.0,4.0,6.0,5.0,7.0,3.0,5.0,2.0,5.0,5.0,1.0,2.0,3.0,3.0,2.0,1.0,3.0,3.0,2.0,3.0,8.0,8.0,7.0,7.0,7.0,7.0,7.0,7.0,8.0,8.0,5.25,16,120.0,12.0,0.9361702127659575,47,7.439024390243902,27.727272727272727,22.363636363636363,0.0,49.865130434782614,48.0,13.569844789356985,3.1639999999999997
Harpreet Bhatia,Punjab Kings,0.4,1936,1,0,0,0,0,ba,0.2,1.899999999999999,4.449999999999999,9.55,3.0499999999999994,4.650000000000001,1.0500000000000007,13.200000000000003,4.449999999999999,3.4499999999999993,8.550000000000002,6.0,8.0,5.0,4.0,4.0,6.0,4.0,5.0,5.0,6.0,8.0,11.0,8.0,7.0,8.0,9.0,6.0,11.0,9.0,9.0,8.0,4.0,6.0,5.0,7.0,3.0,5.0,2.0,5.0,5.0,1.0,2.0,3.0,3.0,2.0,1.0,3.0,3.0,2.0,3.0,8.0,8.0,7.0,7.0,8.0,7.0,7.0,7.0,8.0,8.0,37.21739130434783,23,138.06451612903226,42.8,0.0,2,8.399999999999999,0.0,0.0,0.0,0.0,0.0,0.0,0.29949999999999966
Will Smeed,Unsold,0.0,1458,1,0,0,1,0,ba,0.4,1.899999999999999,4.449999999999999,9.55,3.0499999999999994,4.650000000000001,1.0500000000000007,12.800000000000002,4.449999999999999,3.4499999999999993,8.550000000000002,6.0,8.0,5.0,4.0,4.0,6.0,5.0,5.0,5.0,6.0,8.0,11.0,8.0,7.0,8.0,9.0,6.0,11.0,9.0,9.0,8.0,4.0,6.0,5.0,7.0,3.0,5.0,2.0,5.0,5.0,1.0,2.0,3.0,3.0,2.0,1.0,3.0,3.0,2.0,3.0,8.0,8.0,7.0,7.0,8.0,7.0,7.0,7.0,8.0,8.0,18.8,5,117.5,18.8,0.0,0,0.0,0.0,0.0,27.804,86.56463636363637,0.0,0.0,3.4114999999999993
Manoj Bhandage,Royal Challengers Bangalore,0.2,2236,1,1,0,0,0,ar,0.2,1.899999999999999,4.449999999999999,9.55,3.0499999999999994,4.650000000000001,1.0500000000000007,12.800000000000002,4.449999999999999,3.4499999999999993,8.550000000000002,6.0,8.0,5.0,4.0,4.0,6.0,5.0,5.0,5.0,6.0,8.0,11.0,8.0,7.0,8.0,9.0,6.0,11.0,9.0,9.0,8.0,4.0,6.0,5.0,7.0,3.0,5.0,2.0,5.0,5.0,1.0,2.0,3.0,3.0,2.0,1.0,3.0,3.0,2.0,3.0,8.0,8.0,7.0,7.0,8.0,7.0,7.0,7.0,8.0,8.0,17.0,7,126.59574468085107,17.0,0.9285714285714286,14,8.324324324324325,23.692307692307693,17.076923076923077,44.12075,97.47215151515152,16.972244250594766,12.090435735818032,0.3575
Mayank Dagar,Sunrisers Hyderabad,1.8,260,0,1,0,0,0,bo,0.2,1.899999999999999,4.449999999999999,9.55,3.0499999999999994,4.650000000000001,1.0500000000000007,12.800000000000002,4.449999999999999,3.249999999999999,8.550000000000002,6.0,8.0,5.0,4.0,4.0,6.0,5.0,5.0,5.0,6.0,8.0,11.0,8.0,7.0,8.0,9.0,6.0,11.0,9.0,9.0,8.0,4.0,6.0,5.0,7.0,3.0,5.0,2.0,6.0,5.0,1.0,2.0,3.0,3.0,2.0,1.0,3.0,3.0,2.0,3.0,8.0,8.0,7.0,7.0,8.0,7.0,7.0,7.0,8.0,8.0,3.375,8,50.943396226415096,3.857142857142857,0.9047619047619048,21,5.769751693002258,22.42105263157895,23.31578947368421,0.0,16.708,0.0,42.0,0.8371458333333335
Duan Jansen,Mumbai Indians,0.2,-1,0,1,0,1,0,bo,0.2,1.899999999999999,4.449999999999999,9.55,3.0499999999999994,4.650000000000001,1.0500000000000007,12.800000000000002,4.449999999999999,3.249999999999999,6.750000000000003,6.0,8.0,5.0,4.0,4.0,6.0,5.0,5.0,5.0,6.0,8.0,11.0,8.0,7.0,8.0,9.0,6.0,11.0,9.0,10.0,8.0,4.0,6.0,5.0,7.0,3.0,5.0,2.0,6.0,5.0,1.0,2.0,3.0,3.0,2.0,1.0,3.0,3.0,2.0,3.0,8.0,8.0,7.0,7.0,8.0,7.0,7.0,7.0,8.0,8.0,0.0,0,0.0,0.0,0.0,0,0.0,0.0,0.0,0.0,0.0,0.0,0.0,1.9769463924963924
Prerak Mankad,Lucknow Supergiants,0.2,1978,1,1,0,0,0,ar,0.2,1.899999999999999,4.449999999999999,9.55,3.0499999999999994,4.650000000000001,0.8500000000000008,12.800000000000002,4.449999999999999,3.249999999999999,6.750000000000003,6.0,8.0,5.0,4.0,4.0,6.0,5.0,5.0,5.0,6.0,8.0,11.0,8.0,7.0,8.0,10.0,6.0,11.0,9.0,10.0,8.0,4.0,6.0,5.0,7.0,3.0,5.0,2.0,6.0,5.0,1.0,2.0,3.0,3.0,2.0,1.0,3.0,3.0,2.0,3.0,8.0,8.0,7.0,7.0,8.0,8.0,7.0,7.0,8.0,8.0,20.944444444444443,18,142.8030303030303,31.416666666666668,1.0,15,8.394736842105264,21.266666666666666,15.2,58.852666666666664,81.568,0.0,0.0,0.3950000000000003
Jagadeesha Suchith,Unsold,0.0,7,0,1,0,0,0,bo,0.2,1.899999999999999,4.449999999999999,9.55,3.0499999999999994,4.450000000000001,0.8500000000000008,12.800000000000002,4.449999999999999,3.249999999999999,6.750000000000003,6.0,8.0,5.0,4.0,4.0,6.0,5.0,5.0,5.0,6.0,8.0,11.0,8.0,7.0,8.0,10.0,6.0,11.0,9.0,10.0,8.0,4.0,6.0,5.0,8.0,3.0,5.0,2.0,6.0,5.0,1.0,2.0,3.0,3.0,2.0,1.0,3.0,3.0,2.0,3.0,8.0,8.0,7.0,7.0,8.0,8.0,7.0,7.0,8.0,8.0,10.166666666666666,18,121.19205298013244,16.636363636363637,0.9444444444444444,36,6.860655737704918,24.61764705882353,21.529411764705884,23.378666666666668,13.916,12.891352549889135,12.436363636363637,0.2798666666666666
Donovan Ferreira,Rajasthan Royals,0.5,-1,1,0,1,0,0,wk,0.2,1.899999999999999,4.449999999999999,9.55,3.0499999999999994,4.450000000000001,0.8500000000000008,12.800000000000002,4.449999999999999,3.249999999999999,6.750000000000003,6.0,8.0,5.0,4.0,4.0,6.0,5.0,5.0,5.0,6.0,8.0,11.0,8.0,7.0,8.0,10.0,6.0,11.0,9.0,10.0,8.0,4.0,6.0,5.0,8.0,3.0,5.0,2.0,6.0,5.0,1.0,2.0,3.0,3.0,2.0,1.0,3.0,3.0,2.0,3.0,8.0,8.0,7.0,7.0,8.0,8.0,7.0,7.0,8.0,8.0,0.0,0,0.0,0.0,0.0,0,0.0,0.0,0.0,0.0,0.0,0.0,0.0,0.3343178629355679
Baba Indrajith,Unsold,0.0,2332,1,0,1,0,0,wk,0.2,1.899999999999999,4.449999999999999,9.55,3.0499999999999994,4.450000000000001,0.8500000000000008,12.800000000000002,3.9499999999999993,3.249999999999999,6.750000000000003,6.0,8.0,5.0,4.0,4.0,6.0,5.0,5.0,5.0,6.0,8.0,11.0,8.0,7.0,8.0,10.0,6.0,11.0,9.0,10.0,8.0,4.0,6.0,5.0,8.0,3.0,5.0,2.0,6.0,5.0,1.0,2.0,3.0,3.0,2.0,1.0,3.0,4.0,2.0,3.0,8.0,8.0,7.0,7.0,8.0,8.0,7.0,7.0,8.0,8.0,20.625,8,101.85185185185186,23.571428571428573,0.0,0,0.0,0.0,0.0,32.58466666666667,87.42800000000001,0.0,0.0,0.5700000000000004
Urvil Patel,Gujarat Titans,0.2,1887,1,0,1,0,0,wk,0.2,1.899999999999999,4.449999999999999,9.55,3.0499999999999994,4.450000000000001,0.8500000000000008,12.800000000000002,3.9499999999999993,3.249999999999999,6.750000000000003,6.0,8.0,5.0,4.0,4.0,6.0,5.0,5.0,5.0,6.0,8.0,11.0,8.0,7.0,8.0,10.0,6.0,11.0,9.0,10.0,8.0,4.0,6.0,5.0,8.0,3.0,5.0,2.0,6.0,5.0,1.0,2.0,3.0,3.0,2.0,1.0,3.0,4.0,2.0,3.0,8.0,8.0,7.0,7.0,8.0,8.0,7.0,7.0,8.0,8.0,18.142857142857142,21,136.55913978494624,18.142857142857142,0.0,0,0.0,0.0,0.0,53.816529411764705,0.0,0.0,0.0,0.2744999999999997
Vishnu Vinod,Mumbai Indians,0.2,2096,1,0,1,0,0,wk,0.2,1.899999999999999,4.449999999999999,9.350000000000001,3.0499999999999994,4.450000000000001,0.8500000000000008,12.800000000000002,3.9499999999999993,3.249999999999999,6.750000000000003,6.0,8.0,5.0,4.0,4.0,6.0,5.0,5.0,5.0,6.0,8.0,11.0,8.0,7.0,8.0,10.0,6.0,11.0,9.0,10.0,8.0,4.0,6.0,5.0,8.0,3.0,5.0,2.0,6.0,5.0,1.0,2.0,4.0,3.0,2.0,1.0,3.0,4.0,2.0,3.0,8.0,8.0,7.0,7.0,8.0,8.0,7.0,7.0,8.0,8.0,27.105263157894736,19,134.11458333333331,32.1875,0.0,2,7.578947368421052,0.0,0.0,0.0,63.168727272727274,0.0,0.0,0.39500000000000024
Vidwath Kaverappa,Punjab Kings,0.2,3808,0,1,0,0,0,bo,0.2,1.899999999999999,4.449999999999999,9.350000000000001,3.0499999999999994,4.450000000000001,0.6500000000000008,12.800000000000002,3.9499999999999993,3.249999999999999,6.750000000000003,6.0,8.0,5.0,4.0,4.0,6.0,5.0,5.0,5.0,6.0,8.0,11.0,8.0,7.0,8.0,10.0,6.0,11.0,9.0,10.0,8.0,4.0,6.0,5.0,8.0,3.0,5.0,2.0,6.0,5.0,1.0,2.0,4.0,3.0,2.0,2.0,3.0,4.0,2.0,3.0,8.0,8.0,7.0,7.0,8.0,8.0,7.0,7.0,8.0,8.0,0.0,0,0.0,0.0,0.0,0,0.0,0.0,0.0,0.0,0.0,0.0,0.0,0.36507809690309684
Rajan Kumar,Royal Challengers Bangalore,0.7,-1,0,1,0,0,0,bo,0.2,1.899999999999999,4.449999999999999,9.350000000000001,3.0499999999999994,4.450000000000001,0.6500000000000008,12.600000000000003,3.9499999999999993,3.249999999999999,6.750000000000003,6.0,8.0,5.0,4.0,4.0,6.0,5.0,5.0,5.0,6.0,8.0,11.0,8.0,7.0,8.0,10.0,7.0,11.0,9.0,10.0,8.0,4.0,6.0,5.0,8.0,3.0,5.0,2.0,6.0,5.0,1.0,2.0,4.0,3.0,2.0,2.0,3.0,4.0,2.0,3.0,8.0,8.0,7.0,7.0,8.0,8.0,7.0,7.0,8.0,8.0,0.0,0,0.0,0.0,0.0,0,0.0,0.0,0.0,0.0,0.0,0.0,0.0,0.36507809690309684
Akash Singh,Unsold,0.0,235,0,1,0,0,0,bo,0.2,1.899999999999999,4.449999999999999,9.350000000000001,3.0499999999999994,4.450000000000001,0.6500000000000008,12.600000000000003,3.9499999999999993,2.549999999999999,6.750000000000003,6.0,8.0,5.0,4.0,4.0,6.0,5.0,5.0,5.0,6.0,8.0,11.0,8.0,7.0,8.0,10.0,7.0,11.0,10.0,10.0,8.0,4.0,6.0,5.0,8.0,3.0,5.0,2.0,6.0,5.0,1.0,2.0,4.0,3.0,2.0,2.0,3.0,4.0,2.0,3.0,8.0,8.0,7.0,7.0,8.0,8.0,7.0,7.0,8.0,8.0,0.0,0,0.0,0.0,1.0,2,7.833333333333334,23.5,18.0,0.0,0.0,39.0,0.0,0.6435500000000013
Paul van Meekeren,Unsold,0.0,1234,0,1,0,1,1,bo,0.2,1.899999999999999,4.449999999999999,9.350000000000001,3.0499999999999994,4.450000000000001,0.6500000000000008,12.600000000000003,3.9499999999999993,2.549999999999999,6.750000000000003,6.0,8.0,5.0,4.0,4.0,6.0,5.0,5.0,5.0,6.0,8.0,11.0,8.0,7.0,8.0,10.0,7.0,11.0,10.0,10.0,8.0,4.0,6.0,5.0,8.0,3.0,5.0,2.0,6.0,5.0,1.0,2.0,4.0,3.0,2.0,2.0,3.0,4.0,2.0,3.0,8.0,8.0,7.0,7.0,8.0,8.0,7.0,7.0,8.0,8.0,1.0,1,100.0,1.0,0.6666666666666666,6,10.894736842105264,51.75,28.5,0.0,0.0,42.0,0.0,1.0238666666666676
Tejas Baroka,Unsold,0.0,2177,0,1,0,0,0,bo,0.2,1.899999999999999,4.449999999999999,9.350000000000001,3.0499999999999994,4.450000000000001,0.6500000000000008,12.600000000000003,3.9499999999999993,2.549999999999999,6.750000000000003,6.0,8.0,5.0,4.0,4.0,6.0,5.0,5.0,5.0,6.0,8.0,11.0,8.0,7.0,8.0,10.0,7.0,11.0,10.0,10.0,8.0,4.0,6.0,5.0,8.0,3.0,5.0,2.0,6.0,5.0,1.0,2.0,4.0,3.0,2.0,2.0,3.0,4.0,2.0,3.0,8.0,8.0,7.0,7.0,8.0,8.0,7.0,7.0,8.0,8.0,0.0,0,0.0,0.0,0.0,2,15.0,0.0,0.0,0.0,0.0,0.0,0.0,0.28385257936507896
Yuvraj Chudasama,Unsold,0.0,1972,0,1,0,0,0,bo,0.2,1.899999999999999,4.449999999999999,9.350000000000001,3.0499999999999994,4.450000000000001,0.6500000000000008,12.600000000000003,3.9499999999999993,2.549999999999999,6.750000000000003,6.0,8.0,5.0,4.0,4.0,6.0,5.0,5.0,5.0,6.0,8.0,11.0,8.0,7.0,8.0,10.0,7.0,11.0,10.0,10.0,8.0,4.0,6.0,5.0,8.0,3.0,5.0,2.0,6.0,5.0,1.0,2.0,4.0,3.0,2.0,2.0,3.0,4.0,2.0,3.0,8.0,8.0,7.0,7.0,8.0,8.0,7.0,7.0,8.0,8.0,3.0,3,75.0,9.0,0.8,5,7.384615384615385,28.0,22.75,0.0,0.0,0.0,0.0,0.2353041666666665
Suyash Sharma,Kolkata Knight Riders,0.2,-1,0,1,0,0,0,bo,0.2,1.899999999999999,4.449999999999999,9.350000000000001,3.0499999999999994,4.450000000000001,0.6500000000000008,12.600000000000003,3.9499999999999993,2.549999999999999,6.750000000000003,6.0,8.0,5.0,4.0,4.0,6.0,5.0,5.0,5.0,6.0,8.0,11.0,8.0,7.0,8.0,10.0,7.0,11.0,10.0,10.0,8.0,4.0,6.0,5.0,8.0,3.0,5.0,2.0,6.0,5.0,1.0,2.0,4.0,3.0,2.0,2.0,3.0,4.0,2.0,3.0,8.0,8.0,7.0,7.0,8.0,8.0,7.0,7.0,8.0,8.0,0.0,0,0.0,0.0,0.0,0,0.0,0.0,0.0,0.0,0.0,0.0,0.0,0.36507809690309684
Jamie Overton,Unsold,0.0,1149,1,1,0,1,1,ar,2.0,1.899999999999999,4.449999999999999,9.350000000000001,2.849999999999999,4.450000000000001,0.6500000000000008,12.600000000000003,3.9499999999999993,2.549999999999999,6.750000000000003,6.0,8.0,5.0,4.0,4.0,6.0,5.0,5.0,5.0,6.0,8.0,11.0,8.0,8.0,8.0,10.0,7.0,11.0,10.0,10.0,8.0,4.0,6.0,5.0,8.0,3.0,5.0,2.0,6.0,5.0,1.0,2.0,4.0,3.0,2.0,2.0,3.0,4.0,2.0,3.0,8.0,8.0,7.0,7.0,8.0,8.0,7.0,7.0,8.0,8.0,11.461538461538462,13,171.26436781609195,18.625,0.8620689655172413,29,10.342741935483872,34.2,19.84,0.0,116.13724137931034,17.67448695561972,11.074252651880425,5.2155
Richard Gleeson,Unsold,0.0,836,0,1,0,1,1,bo,0.5,1.899999999999999,4.449999999999999,9.350000000000001,2.849999999999999,4.450000000000001,0.6500000000000008,12.600000000000003,3.9499999999999993,2.549999999999999,6.750000000000003,6.0,8.0,5.0,4.0,4.0,6.0,5.0,5.0,5.0,6.0,8.0,11.0,8.0,8.0,8.0,10.0,7.0,11.0,10.0,10.0,8.0,4.0,6.0,5.0,8.0,3.0,5.0,2.0,6.0,5.0,1.0,2.0,4.0,3.0,2.0,2.0,3.0,4.0,2.0,3.0,8.0,8.0,7.0,7.0,8.0,8.0,7.0,7.0,8.0,8.0,0.75,4,50.0,3.0,0.9583333333333334,24,8.736616702355459,29.565217391304348,20.304347826086957,0.0,23.49866666666667,19.568387485995,14.284310470752272,1.9636666666666667
Naveen Ul Haq,Lucknow Supergiants,0.5,362,0,1,0,1,1,bo,0.5,1.899999999999999,4.449999999999999,9.350000000000001,2.849999999999999,4.450000000000001,0.6500000000000008,12.600000000000003,3.9499999999999993,2.549999999999999,6.750000000000003,6.0,8.0,5.0,4.0,4.0,6.0,5.0,5.0,5.0,6.0,8.0,11.0,8.0,8.0,8.0,10.0,7.0,11.0,10.0,10.0,8.0,4.0,6.0,5.0,8.0,3.0,5.0,2.0,6.0,5.0,1.0,2.0,4.0,3.0,2.0,2.0,3.0,4.0,2.0,3.0,8.0,8.0,7.0,7.0,8.0,8.0,7.0,7.0,8.0,8.0,6.666666666666667,12,96.3855421686747,13.333333333333334,1.303030303030303,33,7.431428571428572,20.162790697674417,16.27906976744186,0.0,78.87095774647888,13.578984075322563,10.592413944310458,1.5679583333333331
Joshua Little,Gujarat Titans,4.4,321,0,1,0,1,1,bo,0.5,1.899999999999999,4.449999999999999,9.350000000000001,2.849999999999999,3.950000000000001,0.6500000000000008,12.600000000000003,3.9499999999999993,2.549999999999999,6.750000000000003,6.0,8.0,5.0,4.0,4.0,6.0,5.0,5.0,5.0,6.0,8.0,11.0,8.0,8.0,9.0,10.0,7.0,11.0,10.0,10.0,8.0,4.0,6.0,5.0,8.0,3.0,5.0,2.0,6.0,5.0,1.0,2.0,4.0,3.0,2.0,2.0,3.0,4.0,2.0,3.0,8.0,8.0,7.0,7.0,9.0,8.0,7.0,7.0,8.0,8.0,3.6666666666666665,3,64.70588235294117,5.5,0.75,8,9.851851851851851,44.333333333333336,27.0,0.0,29.832222222222224,15.001195695496216,16.90796915167095,2.411666666666667
Dilshan Madhushanka,Unsold,0.0,1809,0,1,0,1,1,bo,0.5,1.899999999999999,4.449999999999999,4.950000000000001,2.849999999999999,3.950000000000001,0.6500000000000008,12.600000000000003,3.9499999999999993,2.549999999999999,6.750000000000003,6.0,8.0,5.0,4.0,4.0,6.0,5.0,5.0,5.0,6.0,8.0,11.0,9.0,8.0,9.0,10.0,7.0,11.0,10.0,10.0,8.0,4.0,6.0,5.0,8.0,3.0,5.0,2.0,6.0,5.0,1.0,2.0,4.0,3.0,2.0,2.0,3.0,4.0,2.0,3.0,8.0,8.0,8.0,7.0,9.0,8.0,7.0,7.0,8.0,8.0,0.0,0,0.0,0.0,1.0,1,12.0,24.0,12.0,0.0,0.0,14.264150943396228,0.0,1.2934000000000005
Mohit Sharma,Gujarat Titans,0.5,38,0,1,0,0,0,bo,0.2,1.899999999999999,4.449999999999999,4.950000000000001,2.849999999999999,3.950000000000001,0.6500000000000008,12.600000000000003,3.9499999999999993,2.549999999999999,6.750000000000003,6.0,8.0,5.0,4.0,4.0,6.0,5.0,5.0,5.0,6.0,8.0,11.0,9.0,8.0,9.0,10.0,7.0,11.0,10.0,10.0,8.0,4.0,6.0,5.0,8.0,3.0,5.0,2.0,6.0,5.0,1.0,2.0,4.0,3.0,2.0,2.0,3.0,4.0,2.0,3.0,8.0,8.0,8.0,7.0,9.0,8.0,7.0,7.0,8.0,8.0,2.8333333333333335,6,80.95238095238095,8.5,0.6111111111111112,18,9.702127659574467,55.27272727272727,34.18181818181818,0.0,31.118909090909092,15.272242670389643,24.415584415584416,0.796833333333334
Himanshu Bisht,Unsold,0.0,2447,0,1,0,0,0,bo,0.2,1.899999999999999,4.449999999999999,4.450000000000001,2.849999999999999,3.950000000000001,0.6500000000000008,12.600000000000003,3.9499999999999993,2.549999999999999,6.750000000000003,6.0,8.0,5.0,4.0,4.0,6.0,5.0,5.0,5.0,6.0,8.0,11.0,10.0,8.0,9.0,10.0,7.0,11.0,10.0,10.0,8.0,4.0,6.0,5.0,8.0,3.0,5.0,2.0,6.0,5.0,1.0,2.0,4.0,3.0,2.0,2.0,3.0,4.0,2.0,3.0,8.0,8.0,8.0,7.0,9.0,8.0,7.0,7.0,8.0,8.0,4.125,8,80.48780487804879,5.5,0.5,12,7.4,43.166666666666664,35.0,0.0,0.0,0.0,0.0,0.2660833333333331
Shams Mulani,Mumbai Indians,0.2,1890,1,1,0,0,0,ar,0.2,1.899999999999999,4.449999999999999,4.450000000000001,2.849999999999999,3.950000000000001,0.6500000000000008,12.600000000000003,3.9499999999999993,2.549999999999999,6.750000000000003,6.0,8.0,5.0,4.0,4.0,6.0,5.0,5.0,5.0,6.0,8.0,11.0,10.0,8.0,9.0,10.0,7.0,11.0,10.0,10.0,8.0,4.0,6.0,5.0,8.0,3.0,5.0,2.0,6.0,5.0,1.0,2.0,4.0,3.0,2.0,2.0,3.0,4.0,2.0,3.0,8.0,8.0,8.0,7.0,9.0,8.0,7.0,7.0,8.0,8.0,10.11111111111111,9,121.33333333333334,15.166666666666666,0.9565217391304348,23,7.158536585365853,26.681818181818183,22.363636363636363,0.0,45.622,25.2,10.693069306930694,0.25014999999999965
Swapnil Singh,Lucknow Supergiants,0.2,1904,0,1,0,0,0,bo,0.2,1.899999999999999,4.449999999999999,4.450000000000001,2.849999999999999,3.950000000000001,0.4500000000000008,12.600000000000003,3.9499999999999993,2.549999999999999,6.750000000000003,6.0,8.0,5.0,4.0,4.0,6.0,5.0,5.0,5.0,6.0,8.0,11.0,10.0,8.0,9.0,10.0,7.0,11.0,10.0,10.0,8.0,4.0,6.0,5.0,8.0,4.0,5.0,2.0,6.0,5.0,1.0,2.0,4.0,3.0,2.0,2.0,3.0,4.0,2.0,3.0,8.0,8.0,8.0,7.0,9.0,8.0,7.0,7.0,8.0,8.0,21.42105263157895,19,131.29032258064518,31.307692307692307,0.85,20,7.17,28.11764705882353,23.529411764705884,0.0,0.0,0.0,0.0,0.26191666666666635
Sumit Verma,Unsold,0.0,1960,1,1,0,0,0,ar,0.2,1.899999999999999,4.449999999999999,4.450000000000001,2.849999999999999,3.750000000000001,0.4500000000000008,12.600000000000003,3.9499999999999993,2.549999999999999,6.750000000000003,6.0,8.0,5.0,4.0,4.0,6.0,5.0,5.0,5.0,6.0,8.0,11.0,10.0,8.0,10.0,10.0,7.0,11.0,10.0,10.0,8.0,4.0,6.0,5.0,8.0,4.0,5.0,2.0,6.0,5.0,1.0,2.0,4.0,3.0,2.0,2.0,3.0,4.0,2.0,3.0,8.0,8.0,8.0,7.0,9.0,8.0,7.0,7.0,8.0,8.0,7.0,7,113.95348837209302,8.166666666666666,1.0,2,4.666666666666667,7.0,9.0,0.0,0.0,0.0,0.0,0.2304166666666663
David Wiese,Kolkata Knight Riders,1.0,1011,1,1,0,1,1,ar,0.2,1.899999999999999,4.449999999999999,4.450000000000001,2.849999999999999,3.750000000000001,0.4500000000000008,12.600000000000003,3.9499999999999993,2.549999999999999,6.750000000000003,6.0,8.0,5.0,4.0,4.0,6.0,5.0,5.0,5.0,6.0,8.0,11.0,10.0,8.0,10.0,10.0,7.0,11.0,10.0,10.0,8.0,4.0,6.0,5.0,8.0,4.0,5.0,2.0,6.0,5.0,1.0,2.0,4.0,3.0,2.0,2.0,3.0,4.0,2.0,3.0,8.0,8.0,8.0,7.0,9.0,8.0,7.0,7.0,8.0,8.0,20.181818181818183,66,141.85303514376997,26.64,0.6666666666666666,72,8.916256157635468,37.708333333333336,25.375,87.574,428.18470806100214,16.22513315100043,16.34201211358452,1.6720000000000004
Sanjay Yadav,Unsold,0.0,223,1,1,0,0,0,ar,0.2,1.899999999999999,4.449999999999999,4.450000000000001,1.8499999999999992,3.750000000000001,0.4500000000000008,12.600000000000003,3.9499999999999993,2.549999999999999,6.750000000000003,6.0,8.0,5.0,4.0,4.0,6.0,5.0,5.0,5.0,6.0,8.0,11.0,10.0,8.0,10.0,10.0,7.0,11.0,10.0,10.0,8.0,4.0,6.0,6.0,8.0,4.0,5.0,2.0,6.0,5.0,1.0,2.0,4.0,3.0,2.0,2.0,3.0,4.0,2.0,3.0,8.0,8.0,8.0,8.0,9.0,8.0,7.0,7.0,8.0,8.0,23.838709677419356,31,130.1056338028169,30.791666666666668,0.6071428571428571,28,7.062146892655368,36.76470588235294,31.235294117647058,79.36763636363638,114.86569565217391,0.0,23.207766990291262,1.4815000000000003
Nitish Kumar Reddy,Sunrisers Hyderabad,0.2,2969,1,1,0,0,0,ar,0.2,1.899999999999999,4.449999999999999,4.450000000000001,1.8499999999999992,3.750000000000001,0.4500000000000008,12.600000000000003,3.9499999999999993,2.549999999999999,6.750000000000003,6.0,8.0,5.0,4.0,4.0,6.0,5.0,5.0,5.0,6.0,8.0,11.0,10.0,8.0,10.0,10.0,7.0,11.0,10.0,10.0,8.0,4.0,6.0,6.0,8.0,4.0,5.0,2.0,6.0,5.0,1.0,2.0,4.0,3.0,2.0,2.0,3.0,4.0,2.0,3.0,8.0,8.0,8.0,8.0,9.0,8.0,7.0,7.0,8.0,8.0,0.0,0,0.0,0.0,0.0,0,0.0,0.0,0.0,0.0,0.0,0.0,0.0,0.3765245563994828
Avinash Singh,Royal Challengers Bangalore,0.6,-1,0,1,0,0,0,bo,0.2,1.899999999999999,4.449999999999999,4.450000000000001,1.8499999999999992,3.750000000000001,0.4500000000000008,12.600000000000003,3.9499999999999993,2.549999999999999,6.5500000000000025,6.0,8.0,5.0,4.0,4.0,6.0,5.0,5.0,5.0,6.0,8.0,11.0,10.0,8.0,10.0,10.0,7.0,11.0,10.0,10.0,8.0,4.0,6.0,6.0,8.0,4.0,5.0,2.0,6.0,6.0,1.0,2.0,4.0,3.0,2.0,2.0,3.0,4.0,2.0,3.0,8.0,8.0,8.0,8.0,9.0,8.0,7.0,7.0,8.0,8.0,0.0,0,0.0,0.0,0.0,0,0.0,0.0,0.0,0.0,0.0,0.0,0.0,0.36507809690309684
Tom Curran,Unsold,0.0,233,1,1,0,1,1,ar,1.0,1.899999999999999,4.449999999999999,4.450000000000001,1.8499999999999992,3.750000000000001,0.4500000000000008,12.600000000000003,3.9499999999999993,1.9499999999999988,6.5500000000000025,6.0,8.0,5.0,4.0,4.0,6.0,5.0,5.0,5.0,6.0,8.0,11.0,10.0,8.0,10.0,10.0,7.0,11.0,11.0,10.0,8.0,4.0,6.0,6.0,8.0,4.0,5.0,2.0,6.0,6.0,1.0,2.0,4.0,3.0,2.0,2.0,3.0,4.0,2.0,3.0,8.0,8.0,8.0,8.0,9.0,8.0,7.0,7.0,8.0,8.0,12.583333333333334,48,134.52115812917594,18.875,1.2380952380952381,84,9.256637168141594,25.14423076923077,16.298076923076923,48.269999999999996,264.64806122448977,15.613335602544584,11.94718309859155,4.015
Varun Aaron,Unsold,0.0,163,0,1,0,0,0,bo,0.5,1.899999999999999,4.449999999999999,4.450000000000001,1.8499999999999992,3.750000000000001,0.4500000000000008,12.600000000000003,3.9499999999999993,1.9499999999999988,6.5500000000000025,6.0,8.0,5.0,4.0,4.0,6.0,5.0,5.0,5.0,6.0,8.0,11.0,10.0,8.0,10.0,10.0,7.0,11.0,11.0,10.0,8.0,4.0,6.0,6.0,8.0,4.0,5.0,2.0,6.0,6.0,1.0,2.0,4.0,3.0,2.0,2.0,3.0,4.0,2.0,3.0,8.0,8.0,8.0,8.0,9.0,8.0,7.0,7.0,8.0,8.0,2.0,11,32.35294117647059,3.142857142857143,1.0666666666666667,30,9.25214408233276,28.09375,18.21875,0.0,9.479058823529412,18.83274021352313,10.285714285714286,1.432166666666667
Priyank Panchal,Unsold,0.0,1918,1,0,0,0,0,ba,0.2,1.899999999999999,4.449999999999999,4.450000000000001,1.8499999999999992,3.750000000000001,0.4500000000000008,12.600000000000003,3.9499999999999993,1.9499999999999988,6.5500000000000025,6.0,8.0,5.0,4.0,4.0,6.0,5.0,5.0,5.0,6.0,8.0,11.0,10.0,8.0,10.0,10.0,7.0,11.0,11.0,10.0,8.0,4.0,6.0,6.0,8.0,4.0,5.0,2.0,6.0,6.0,1.0,2.0,4.0,3.0,2.0,2.0,3.0,4.0,2.0,3.0,8.0,8.0,8.0,8.0,9.0,8.0,7.0,7.0,8.0,8.0,25.3,20,133.1578947368421,26.63157894736842,0.0,0,0.0,0.0,0.0,59.59621739130435,0.0,0.0,0.0,0.2879999999999995
Sanjay Ramaswamy,Unsold,0.0,2635,1,0,0,0,0,ba,0.2,1.899999999999999,4.449999999999999,4.450000000000001,1.8499999999999992,3.750000000000001,0.4500000000000008,12.600000000000003,3.9499999999999993,1.9499999999999988,6.5500000000000025,6.0,8.0,5.0,4.0,4.0,6.0,5.0,5.0,5.0,6.0,8.0,11.0,10.0,8.0,10.0,10.0,7.0,11.0,11.0,10.0,8.0,4.0,6.0,6.0,8.0,4.0,5.0,2.0,6.0,6.0,1.0,2.0,4.0,3.0,2.0,2.0,3.0,4.0,2.0,3.0,8.0,8.0,8.0,8.0,9.0,8.0,7.0,7.0,8.0,8.0,0.0,0,0.0,0.0,0.0,0,0.0,0.0,0.0,0.0,0.0,0.0,0.0,0.26512841696487177
Kunal Rathore,Rajasthan Royals,0.2,-1,1,0,1,0,0,wk,0.2,1.899999999999999,4.449999999999999,4.450000000000001,1.8499999999999992,3.750000000000001,0.4500000000000008,12.600000000000003,3.9499999999999993,1.9499999999999988,6.5500000000000025,6.0,8.0,5.0,4.0,4.0,6.0,5.0,5.0,5.0,6.0,8.0,11.0,10.0,8.0,10.0,10.0,7.0,11.0,11.0,10.0,8.0,4.0,6.0,6.0,8.0,4.0,5.0,2.0,6.0,6.0,1.0,2.0,4.0,3.0,2.0,2.0,3.0,4.0,2.0,3.0,8.0,8.0,8.0,8.0,9.0,8.0,7.0,7.0,8.0,8.0,0.0,0,0.0,0.0,0.0,0,0.0,0.0,0.0,0.0,0.0,0.0,0.0,0.3343178629355679
Sonu Yadav,Royal Challengers Bangalore,0.2,2804,1,1,0,0,0,ar,0.2,1.899999999999999,4.449999999999999,4.450000000000001,1.8499999999999992,3.750000000000001,0.4500000000000008,12.600000000000003,3.749999999999999,1.9499999999999988,6.5500000000000025,6.0,8.0,5.0,4.0,4.0,6.0,5.0,5.0,5.0,6.0,8.0,11.0,10.0,8.0,10.0,10.0,7.0,11.0,11.0,10.0,8.0,4.0,6.0,6.0,8.0,4.0,5.0,2.0,6.0,6.0,1.0,2.0,4.0,3.0,2.0,2.0,3.0,5.0,2.0,3.0,8.0,8.0,8.0,8.0,9.0,8.0,7.0,7.0,8.0,8.0,12.666666666666666,3,97.43589743589743,12.666666666666666,1.5,10,8.028571428571428,18.733333333333334,14.0,38.042,0.0,12.963865074913867,10.642021276595745,0.2099999999999997
Kulwant Khejroliya,Kolkata Knight Riders,0.2,17,0,1,0,0,0,bo,0.2,1.899999999999999,4.449999999999999,4.450000000000001,1.8499999999999992,3.750000000000001,0.4500000000000008,12.600000000000003,3.749999999999999,1.749999999999999,6.5500000000000025,6.0,8.0,5.0,4.0,4.0,6.0,5.0,5.0,5.0,6.0,8.0,11.0,10.0,8.0,10.0,10.0,7.0,11.0,11.0,10.0,8.0,4.0,6.0,6.0,8.0,4.0,5.0,2.0,7.0,6.0,1.0,2.0,4.0,3.0,2.0,2.0,3.0,5.0,2.0,3.0,8.0,8.0,8.0,8.0,9.0,8.0,7.0,7.0,8.0,8.0,9.5,2,190.0,19.0,1.0714285714285714,14,7.617747440273037,24.8,19.533333333333335,0.0,0.0,22.41509433962264,9.908011869436201,0.3360999999999998
Ajay Mandal,Chennai Super Kings,0.2,2046,1,1,0,0,0,ar,0.2,1.899999999999999,4.449999999999999,4.450000000000001,1.6499999999999992,3.750000000000001,0.4500000000000008,12.600000000000003,3.749999999999999,1.749999999999999,6.5500000000000025,6.0,8.0,5.0,4.0,4.0,6.0,5.0,5.0,5.0,6.0,8.0,11.0,10.0,9.0,10.0,10.0,7.0,11.0,11.0,10.0,8.0,4.0,6.0,6.0,8.0,4.0,5.0,2.0,7.0,6.0,1.0,2.0,4.0,3.0,2.0,2.0,3.0,5.0,2.0,3.0,8.0,8.0,8.0,8.0,9.0,8.0,7.0,7.0,8.0,8.0,8.538461538461538,13,121.97802197802199,12.333333333333334,0.8888888888888888,18,7.450980392156863,23.75,19.125,0.0,0.0,0.0,0.0,0.2479999999999996
Utkarsh Singh,Unsold,0.0,2304,1,1,0,0,0,ar,0.2,1.699999999999999,4.449999999999999,4.450000000000001,1.6499999999999992,3.750000000000001,0.4500000000000008,12.600000000000003,3.749999999999999,1.749999999999999,6.5500000000000025,6.0,8.0,5.0,4.0,4.0,6.0,5.0,5.0,5.0,6.0,8.0,11.0,10.0,9.0,10.0,10.0,7.0,11.0,11.0,10.0,9.0,4.0,6.0,6.0,8.0,4.0,5.0,2.0,7.0,6.0,1.0,2.0,4.0,3.0,2.0,2.0,3.0,5.0,2.0,3.0,8.0,8.0,8.0,8.0,9.0,8.0,7.0,7.0,8.0,8.0,18.307692307692307,13,127.27272727272727,21.636363636363637,1.0555555555555556,18,6.276923076923078,17.894736842105264,17.105263157894736,72.02818181818182,27.832,20.0,0.0,0.2854999999999996
Trilok Nag,Unsold,0.0,4272,0,1,0,0,0,bo,0.2,1.699999999999999,4.449999999999999,4.450000000000001,1.6499999999999992,3.750000000000001,0.4500000000000008,12.600000000000003,3.749999999999999,1.749999999999999,6.5500000000000025,6.0,8.0,5.0,4.0,4.0,6.0,5.0,5.0,5.0,6.0,8.0,11.0,10.0,9.0,10.0,10.0,7.0,11.0,11.0,10.0,9.0,4.0,6.0,6.0,8.0,4.0,5.0,2.0,7.0,6.0,1.0,2.0,4.0,3.0,2.0,2.0,3.0,5.0,2.0,3.0,8.0,8.0,8.0,8.0,9.0,8.0,7.0,7.0,8.0,8.0,0.0,0,0.0,0.0,1.0,3,8.285714285714285,19.333333333333332,14.0,0.0,0.0,0.0,12.652719665271968,0.2404832341269838
Shubham Hegde,Unsold,0.0,2777,1,1,0,0,0,ar,0.2,1.699999999999999,4.449999999999999,4.450000000000001,1.6499999999999992,3.750000000000001,0.4500000000000008,12.600000000000003,3.749999999999999,1.749999999999999,6.5500000000000025,6.0,8.0,5.0,4.0,4.0,6.0,5.0,5.0,5.0,6.0,8.0,11.0,10.0,9.0,10.0,10.0,7.0,11.0,11.0,10.0,9.0,4.0,6.0,6.0,8.0,4.0,5.0,2.0,7.0,6.0,1.0,2.0,4.0,3.0,2.0,2.0,3.0,5.0,2.0,3.0,8.0,8.0,8.0,8.0,9.0,8.0,7.0,7.0,8.0,8.0,15.0,4,153.84615384615387,15.0,0.5,8,6.555555555555555,44.25,40.5,61.27633333333333,87.87200000000001,18.798294243070362,14.137447405329594,0.5052333333333341
Mohit Rathee,Punjab Kings,0.2,-1,1,1,0,0,0,ar,0.2,1.699999999999999,4.449999999999999,4.450000000000001,1.6499999999999992,3.750000000000001,0.4500000000000008,12.600000000000003,3.749999999999999,1.749999999999999,6.5500000000000025,6.0,8.0,5.0,4.0,4.0,6.0,5.0,5.0,5.0,6.0,8.0,11.0,10.0,9.0,10.0,10.0,7.0,11.0,11.0,10.0,9.0,4.0,6.0,6.0,8.0,4.0,5.0,2.0,7.0,6.0,1.0,2.0,4.0,3.0,2.0,2.0,3.0,5.0,2.0,3.0,8.0,8.0,8.0,8.0,9.0,8.0,7.0,7.0,8.0,8.0,0.0,0,0.0,0.0,0.0,0,0.0,0.0,0.0,0.0,0.0,0.0,0.0,0.3765245563994828
Nehal Wadhera,Mumbai Indians,0.2,-1,1,0,0,0,0,ba,0.2,1.699999999999999,4.449999999999999,4.450000000000001,1.6499999999999992,3.750000000000001,0.4500000000000008,12.400000000000004,3.749999999999999,1.749999999999999,6.5500000000000025,6.0,8.0,5.0,4.0,4.0,6.0,5.0,5.0,5.0,6.0,8.0,11.0,10.0,9.0,10.0,10.0,7.0,11.0,11.0,10.0,9.0,4.0,6.0,6.0,8.0,4.0,6.0,2.0,7.0,6.0,1.0,2.0,4.0,3.0,2.0,2.0,3.0,5.0,2.0,3.0,8.0,8.0,8.0,8.0,9.0,8.0,7.0,7.0,8.0,8.0,0.0,0,0.0,0.0,0.0,0,0.0,0.0,0.0,0.0,0.0,0.0,0.0,0.26512841696487177
Bhagath Varma,Chennai Super Kings,0.2,4452,1,1,0,0,0,ar,0.2,1.699999999999999,4.449999999999999,4.450000000000001,1.6499999999999992,3.750000000000001,0.2500000000000008,12.400000000000004,3.749999999999999,1.749999999999999,6.5500000000000025,6.0,8.0,5.0,4.0,4.0,7.0,5.0,5.0,5.0,6.0,8.0,11.0,10.0,9.0,10.0,10.0,7.0,11.0,11.0,10.0,9.0,4.0,6.0,6.0,8.0,4.0,6.0,2.0,7.0,6.0,1.0,2.0,4.0,3.0,2.0,2.0,3.0,5.0,2.0,3.0,8.0,8.0,8.0,8.0,9.0,8.0,7.0,7.0,8.0,8.0,0.0,0,0.0,0.0,0.0,0,0.0,0.0,0.0,0.0,0.0,0.0,0.0,0.3765245563994828
Johnson Charles,Unsold,0.0,907,1,0,1,1,1,wk,0.5,1.4999999999999991,4.449999999999999,4.450000000000001,1.6499999999999992,3.750000000000001,0.2500000000000008,12.400000000000004,3.749999999999999,1.749999999999999,6.5500000000000025,6.0,8.0,5.0,4.0,4.0,7.0,5.0,5.0,5.0,6.0,8.0,11.0,10.0,9.0,10.0,10.0,7.0,11.0,11.0,10.0,10.0,4.0,6.0,6.0,8.0,4.0,6.0,2.0,7.0,6.0,1.0,2.0,4.0,3.0,2.0,2.0,3.0,5.0,2.0,3.0,8.0,8.0,8.0,8.0,9.0,8.0,7.0,7.0,8.0,8.0,26.217391304347824,69,133.70288248337027,27.0,0.5,2,9.677419354838708,50.0,31.0,657.7412417683933,82.56500000000001,0.0,10.780748663101605,2.8337916666666674
Akash Vashist,Rajasthan Royals,0.2,2765,1,1,0,0,0,ar,0.2,1.4999999999999991,4.449999999999999,4.450000000000001,1.6499999999999992,3.750000000000001,0.2500000000000008,12.400000000000004,3.749999999999999,1.749999999999999,6.5500000000000025,6.0,8.0,5.0,4.0,4.0,7.0,5.0,5.0,5.0,6.0,8.0,11.0,10.0,9.0,10.0,10.0,7.0,11.0,11.0,10.0,10.0,4.0,6.0,6.0,8.0,4.0,6.0,2.0,7.0,6.0,1.0,2.0,4.0,3.0,2.0,2.0,3.0,5.0,2.0,3.0,8.0,8.0,8.0,8.0,9.0,8.0,7.0,7.0,8.0,8.0,13.0,2,113.04347826086956,26.0,1.0,2,6.2857142857142865,22.0,21.0,0.0,0.0,0.0,0.0,0.3343693452380949
Luke Wood,Unsold,0.0,1154,0,1,0,1,1,bo,1.0,1.4999999999999991,4.449999999999999,4.450000000000001,1.6499999999999992,3.750000000000001,0.2500000000000008,12.400000000000004,3.549999999999999,1.749999999999999,6.5500000000000025,6.0,8.0,5.0,4.0,4.0,7.0,5.0,5.0,5.0,6.0,8.0,11.0,10.0,9.0,10.0,10.0,7.0,11.0,11.0,10.0,10.0,4.0,6.0,6.0,8.0,4.0,6.0,3.0,7.0,6.0,1.0,2.0,4.0,3.0,2.0,2.0,3.0,5.0,2.0,3.0,8.0,8.0,8.0,8.0,9.0,8.0,7.0,7.0,8.0,8.0,4.444444444444445,9,95.23809523809523,6.666666666666667,0.8620689655172413,29,7.589322381930185,24.64,19.48,0.0,49.301,14.82620722358334,9.017984584641736,1.8084999999999996
Yudhvir Charak,Lucknow Supergiants,0.2,2579,1,1,0,0,0,ar,0.2,1.4999999999999991,4.449999999999999,4.450000000000001,1.6499999999999992,3.750000000000001,0.2500000000000008,12.400000000000004,3.549999999999999,1.749999999999999,6.5500000000000025,6.0,8.0,5.0,4.0,4.0,7.0,5.0,5.0,5.0,6.0,8.0,11.0,10.0,9.0,10.0,10.0,7.0,11.0,11.0,10.0,10.0,4.0,6.0,6.0,8.0,4.0,6.0,3.0,7.0,6.0,1.0,2.0,4.0,3.0,2.0,2.0,3.0,5.0,2.0,3.0,8.0,8.0,8.0,8.0,9.0,8.0,7.0,7.0,8.0,8.0,6.0,4,171.42857142857142,6.0,0.5,6,8.590909090909092,63.0,44.0,0.0,36.112,14.516129032258064,21.857142857142854,0.22466666666666632
Raghav Goyal,Mumbai Indians,0.2,-1,0,1,0,0,0,bo,0.2,1.4999999999999991,4.449999999999999,4.450000000000001,1.6499999999999992,3.5500000000000007,0.2500000000000008,12.400000000000004,3.549999999999999,1.749999999999999,6.5500000000000025,6.0,8.0,5.0,4.0,4.0,7.0,5.0,5.0,5.0,6.0,8.0,11.0,10.0,9.0,10.0,10.0,7.0,11.0,11.0,10.0,10.0,4.0,6.0,6.0,9.0,4.0,6.0,3.0,7.0,6.0,1.0,2.0,4.0,3.0,2.0,2.0,3.0,5.0,2.0,3.0,8.0,8.0,8.0,8.0,9.0,8.0,7.0,7.0,8.0,8.0,0.0,0,0.0,0.0,0.0,0,0.0,0.0,0.0,0.0,0.0,0.0,0.0,0.36507809690309684
Abdul PA,Rajasthan Royals,0.2,-1,1,1,0,0,0,ar,0.2,1.4999999999999991,4.449999999999999,4.450000000000001,1.6499999999999992,3.5500000000000007,0.050000000000000766,12.400000000000004,3.549999999999999,1.749999999999999,6.5500000000000025,6.0,8.0,5.0,4.0,4.0,7.0,5.0,5.0,5.0,6.0,8.0,11.0,10.0,9.0,10.0,11.0,7.0,11.0,11.0,10.0,10.0,4.0,6.0,6.0,9.0,4.0,6.0,3.0,7.0,6.0,1.0,2.0,4.0,3.0,2.0,2.0,3.0,5.0,2.0,3.0,8.0,8.0,8.0,8.0,9.0,8.0,7.0,7.0,8.0,8.0,0.0,0,0.0,0.0,0.0,0,0.0,0.0,0.0,0.0,0.0,0.0,0.0,0.3765245563994828
Prashant Chopra,Unsold,0.0,192,1,0,0,0,0,ba,0.2,1.4999999999999991,4.449999999999999,4.450000000000001,1.6499999999999992,3.5500000000000007,0.050000000000000766,12.400000000000004,3.3499999999999988,1.749999999999999,6.5500000000000025,6.0,8.0,5.0,4.0,4.0,7.0,5.0,5.0,5.0,6.0,8.0,11.0,10.0,9.0,10.0,11.0,7.0,11.0,11.0,10.0,10.0,4.0,6.0,6.0,9.0,4.0,6.0,4.0,7.0,6.0,1.0,2.0,4.0,3.0,2.0,2.0,3.0,5.0,2.0,3.0,8.0,8.0,8.0,8.0,9.0,8.0,7.0,7.0,8.0,8.0,31.772727272727273,22,116.5,36.78947368421053,0.0,6,8.5,0.0,0.0,38.897999999999996,0.0,0.0,0.0,0.46600000000000036
Ekant Sen,Unsold,0.0,2479,1,0,0,0,0,ba,0.2,1.4999999999999991,4.449999999999999,4.450000000000001,1.6499999999999992,3.5500000000000007,0.050000000000000766,12.400000000000004,3.3499999999999988,1.749999999999999,6.5500000000000025,6.0,8.0,5.0,4.0,4.0,7.0,5.0,5.0,5.0,6.0,8.0,11.0,10.0,9.0,10.0,11.0,7.0,11.0,11.0,10.0,10.0,4.0,6.0,6.0,9.0,4.0,6.0,4.0,7.0,6.0,1.0,2.0,4.0,3.0,2.0,2.0,3.0,5.0,2.0,3.0,8.0,8.0,8.0,8.0,9.0,8.0,7.0,7.0,8.0,8.0,18.266666666666666,15,120.17543859649122,21.076923076923077,0.0,0,0.0,0.0,0.0,0.0,25.910285714285713,0.0,0.0,0.23149999999999962
